['广州', '南京厚建云计算有限公司广州分公司', '50-150人', '本科', 'python开发工程师', '全职', '9k-18k', '1-3年']
['北京', '北京向上一心科技有限公司', '500-2000人', '本科', 'python开发工程师', '全职', '20k-40k', '不限']
['上海', '上海微创软件股份有限公司', '2000人以上', '本科', 'python开发', '全职', '15k-17k', '1-3年']
['南京', '易宝软件科技（南京）有限公司', '150-500人', '本科', 'python', '全职', '10k-20k', '1-3年']
['北京', '上海微创软件股份有限公司', '2000人以上', '本科', 'Python开发工程师', '全职', '14k-17k', '1-3年']
['南京', '易宝软件科技（南京）有限公司', '150-500人', '本科', 'python', '全职', '10k-20k', '3-5年']
['杭州', '杭州览众数据科技有限公司', '150-500人', '本科', 'Python工程师', '全职', '20k-40k', '3-5年']
['上海', '上海合阔信息技术有限公司', '15-50人', '本科', 'python', '全职', '18k-35k', '3-5年']
['深圳', '深圳市橙智科技有限公司', '15-50人', '本科', 'python开发工程师', '全职', '15k-30k', '不限']
['北京', '生仝智能科技（北京）有限公司', '15-50人', '硕士', 'python工程师', '全职', '14k-28k', '不限']
['北京', '武汉佰钧成技术有限责任公司', '2000人以上', '大专', 'python', '全职', '12k-20k', '5-10年']
['长沙', '开易（北京）科技有限公司', '150-500人', '本科', 'python开发工程师', '全职', '8k-12k', '1-3年']
['杭州', '武汉佰钧成技术有限责任公司', '2000人以上', '本科', 'python', '全职', '14k-18k', '3-5年']
['上海', '上海雪湖科技有限公司', '50-150人', '本科', 'Python开发工程师', '全职', '10k-20k', '1-3年']
['深圳', '爱客科技（深圳）有限公司', '50-150人', '本科', '高级 Python 工程师', '全职', '25k-35k', '5-10年']
['广州', '南京厚建云计算有限公司广州分公司', '50-150人', '本科', 'python开发工程师', '全职', '9k-18k', '1-3年']
['北京', '北京向上一心科技有限公司', '500-2000人', '本科', 'python开发工程师', '全职', '20k-40k', '不限']
['上海', '上海微创软件股份有限公司', '2000人以上', '本科', 'python开发', '全职', '15k-17k', '1-3年']
['南京', '易宝软件科技（南京）有限公司', '150-500人', '本科', 'python', '全职', '10k-20k', '1-3年']
['北京', '上海微创软件股份有限公司', '2000人以上', '本科', 'Python开发工程师', '全职', '14k-17k', '1-3年']
['南京', '易宝软件科技（南京）有限公司', '150-500人', '本科', 'python', '全职', '10k-20k', '3-5年']
['杭州', '杭州览众数据科技有限公司', '150-500人', '本科', 'Python工程师', '全职', '20k-40k', '3-5年']
['深圳', '深圳市橙智科技有限公司', '15-50人', '本科', 'python开发工程师', '全职', '15k-30k', '不限']
['北京', '武汉佰钧成技术有限责任公司', '2000人以上', '大专', 'python', '全职', '12k-20k', '5-10年']
['上海', '上海合阔信息技术有限公司', '15-50人', '本科', 'python', '全职', '18k-35k', '3-5年']
['长沙', '开易（北京）科技有限公司', '150-500人', '本科', 'python开发工程师', '全职', '8k-12k', '1-3年']
['北京', '生仝智能科技（北京）有限公司', '15-50人', '硕士', 'python工程师', '全职', '14k-28k', '不限']
['杭州', '武汉佰钧成技术有限责任公司', '2000人以上', '本科', 'python', '全职', '14k-18k', '3-5年']
['上海', '上海雪湖科技有限公司', '50-150人', '本科', 'Python开发工程师', '全职', '10k-20k', '1-3年']
['深圳', '爱客科技（深圳）有限公司', '50-150人', '本科', '高级 Python 工程师', '全职', '25k-35k', '5-10年']
['北京', '北京升鑫网络科技有限公司', '150-500人', '本科', 'Python开发工程师', '全职', '15k-25k', '3-5年']
['南京', '深圳市华盛天成科技有限公司', '150-500人', '本科', 'python开发工程师', '全职', '10k-16k', '3-5年']
['苏州', '苏州海管家物流科技有限公司', '50-150人', '大专', 'python开发工程师', '全职', '9k-13k', '1-3年']
['深圳', '深圳市橙智科技有限公司', '15-50人', '本科', 'Python开发工程师', '全职', '4k-8k', '应届毕业生']
['上海', '上海道客网络科技有限公司', '150-500人', '本科', 'python开发工程师', '全职', '15k-20k', '3-5年']
['深圳', '爱客科技（深圳）有限公司', '50-150人', '本科', 'Python 工程师（运维方向）', '全职', '15k-25k', '1-3年']
['深圳', '深圳市微赢世纪网络科技有限公司', '15-50人', '本科', 'python开发工程师', '全职', '15k-30k', '3-5年']
['北京', '建信金融科技有限责任公司', '2000人以上', '本科', 'Python开发工程师', '全职', '25k-50k', '5-10年']
['北京', '北京缔联科技有限公司', '50-150人', '本科', 'python开发工程师', '全职', '15k-20k', '3-5年']
['成都', '成都链安科技有限公司', '50-150人', '本科', 'python开发工程师', '全职', '10k-18k', '3-5年']
['北京', '北京音娱时光科技有限公司', '50-150人', '本科', 'Python工程师', '全职', '15k-25k', '1-3年']
['成都', '北京棕榈创想科技有限公司', '150-500人', '本科', 'python开发工程师', '全职', '10k-20k', '3-5年']
['深圳', '广州市梦享网络技术有限公司', '150-500人', '本科', 'python开发', '全职', '10k-15k', '1-3年']
['北京', '北京游道易网络文化有限公司', '50-150人', '本科', 'Python开发工程师', '全职', '15k-25k', '3-5年']
['南京', '深圳市拓保软件有限公司', '2000人以上', '大专', 'python开发工程师', '全职', '12k-13k', '3-5年']
['深圳', '深圳市普特生物医学工程有限公司', '150-500人', '本科', 'python开发工程师', '全职', '15k-24k', '3-5年']
['广州', '广州回头车信息科技有限公司', '150-500人', '本科', 'python开发工程师', '全职', '10k-20k', '1-3年']
['广州', '广州回头车信息科技有限公司', '150-500人', '本科', 'python', '全职', '15k-30k', '3-5年']
['深圳', '深圳柚子街科技有限公司', '15-50人', '本科', 'python开发工程师', '全职', '10k-17k', '3-5年']
['上海', '上海兆殷特科技有限公司', '50-150人', '大专', 'python', '全职', '10k-18k', '3-5年']
['上海', '深圳平安综合金融服务有限公司', '2000人以上', '本科', 'python开发工程师', '全职', '18k-36k', '5-10年']
['西安', '西安逆袭网络科技有限公司', '50-150人', '本科', 'Python开发工程师', '全职', '10k-16k', '3-5年']
['杭州', '上海中软华腾软件系统有限公司', '2000人以上', '本科', 'python开发', '全职', '15k-19k', '3-5年']
['深圳', '深圳市紫川软件有限公司', '500-2000人', '本科', 'Python工程师', '全职', '13k-20k', '3-5年']
['杭州', '杭州知衣科技有限公司', '50-150人', '本科', 'Python', '全职', '16k-30k', '1-3年']
['北京', '北京猎户星空科技有限公司', '500-2000人', '本科', 'Python开发工程师', '全职', '18k-35k', '3-5年']
['北京', '便利蜂商贸有限公司', '2000人以上', '本科', 'python开发工程师', '全职', '20k-40k', '3-5年']
['北京', '小叶子（北京）科技有限公司', '150-500人', '本科', 'python开发工程师', '全职', '15k-30k', '3-5年']
['上海', '上海坤亿信息技术有限公司', '150-500人', '本科', 'python开发工程师', '全职', '10k-18k', '1-3年']
['西安', '北京神州绿盟信息安全科技股份有限公司', '500-2000人', '本科', 'python开发工程师', '全职', '9k-15k', '1-3年']
['上海', '上海微创软件股份有限公司', '2000人以上', '大专', 'python开发', '全职', '14k-22k', '5-10年']
['苏州', '上海微创软件股份有限公司', '2000人以上', '本科', 'python开发', '全职', '15k-25k', '3-5年']
['深圳', '行云智能（深圳）技术有限公司', '15-50人', '本科', 'Python开发工程师', '全职', '10k-20k', '1-3年']
['北京', '北京高域海汇科技有限公司', '150-500人', '本科', 'python工程师', '全职', '20k-35k', '3-5年']
['广州', '广州悦谦科技有限公司', '50-150人', '本科', 'Python开发工程师', '全职', '15k-30k', '3-5年']
['广州', '深圳道乐科技有限公司', '150-500人', '本科', 'python开发工程师', '全职', '7k-10k', '1-3年']
['西安', '西安数据如金信息科技有限公司', '50-150人', '本科', 'Python开发工程师', '全职', '12k-20k', '3-5年']
['深圳', '深圳市法本信息技术股份有限公司', '2000人以上', '本科', 'python开发', '全职', '10k-14k', '1-3年']
['广州', '南京厚建云计算有限公司广州分公司', '50-150人', '本科', 'python开发工程师', '全职', '9k-18k', '1-3年']
['广州', '南京厚建云计算有限公司广州分公司', '50-150人', '本科', 'Python开发', '全职', '15k-20k', '3-5年']
['上海', '上海金亥通信设备有限公司', '50-150人', '大专', 'python开发', '全职', '13k-18k', '3-5年']
['深圳', '上海非夕机器人科技有限公司', '150-500人', '本科', 'python开发工程师', '全职', '15k-30k', '3-5年']
['北京', '北京币世界网络科技有限公司', '150-500人', '本科', 'python开发工程师', '全职', '17k-34k', '3-5年']
['北京', '贝壳找房（北京）科技有限公司', '2000人以上', '本科', 'Python工程师', '全职', '20k-40k', '3-5年']
['上海', '易宝软件科技（南京）有限公司', '150-500人', '大专', 'python开发', '全职', '13k-19k', '3-5年']
['杭州', '易宝软件科技（南京）有限公司', '150-500人', '本科', 'Python开发工程师', '全职', '12k-14k', '1-3年']
['上海', '上海灏程信息科技有限公司', '15-50人', '大专', 'Python开发工程师', '全职', '15k-30k', '5-10年']
['北京', '北京博乐科技有限公司', '150-500人', '本科', 'python开发', '全职', '12k-24k', '不限']
['大连', '云势天下（北京）软件有限公司', '150-500人', '大专', 'Python开发工程师', '全职', '10k-15k', '3-5年']
['北京', '云势天下（北京）软件有限公司', '150-500人', '本科', 'python开发工程师', '全职', '18k-25k', '3-5年']
['上海', '翼健（上海）信息科技有限公司', '50-150人', '本科', 'Python开发工程师', '全职', '12k-20k', '1-3年']
['深圳', '心灵失重（北京）科技有限公司', '150-500人', '本科', 'Python', '全职', '15k-30k', '3-5年']
['深圳', '深圳市橡树黑卡网络科技有限公司', '500-2000人', '本科', 'python', '全职', '13k-25k', '3-5年']
['北京', '北京嘉和美康信息技术有限公司', '500-2000人', '本科', 'Python开发工程师', '全职', '15k-25k', '5-10年']
['深圳', '深圳市铱硙医疗科技有限公司', '15-50人', '本科', 'python开发工程师', '全职', '10k-15k', '1-3年']
['北京', '创新奇智（北京）科技有限公司', '150-500人', '本科', 'python开发工程师', '全职', '15k-30k', '3-5年']
['北京', '北京陌陌科技有限公司', '500-2000人', '本科', 'Python开发工程师', '全职', '25k-40k', '3-5年']
['北京', '华控清交信息科技（北京）有限公司', '50-150人', '本科', 'Python开发工程师', '全职', '20k-40k', '3-5年']
['深圳', '千巡科技（深圳）有限公司', '15-50人', '本科', 'Python工程师', '全职', '10k-18k', '1-3年']
['杭州', '乐麦信息技术（杭州）有限公司', '500-2000人', '本科', 'Python开发工程师', '全职', '10k-20k', '3-5年']
['深圳', '深圳佑驾创新科技有限公司', '150-500人', '本科', 'Python工程师', '全职', '15k-30k', '1-3年']
['武汉', '智线云科技（北京）有限公司', '50-150人', '不限', 'python开发工程师', '全职', '8k-15k', '1-3年']
['上海', '上海微创软件股份有限公司', '2000人以上', '本科', 'python开发', '全职', '10k-16k', '1-3年']
['上海', '上海微创软件股份有限公司', '2000人以上', '大专', 'python开发工程师', '全职', '10k-17k', '1-3年']
['上海', '易宝软件科技（南京）有限公司', '150-500人', '大专', 'python开发', '全职', '12k-18k', '1-3年']
['成都', '易宝软件科技（南京）有限公司', '150-500人', '本科', 'python开发工程师', '全职', '12k-20k', '3-5年']
['北京', '智线云科技（北京）有限公司', '50-150人', '本科', 'Python开发工程师', '全职', '12k-20k', '1-3年']
['成都', '成都无糖信息技术有限公司', '50-150人', '不限', 'Python开发工程师', '全职', '10k-15k', '不限']
['北京', '北京字节跳动科技有限公司', '2000人以上', '本科', 'python开发工程师', '全职', '20k-35k', '1-3年']
['北京', '深度好奇（北京）科技有限公司', '15-50人', '本科', 'Python工程师', '全职', '12k-24k', '不限']
['深圳', '深圳市菁优智慧教育股份有限公司', '150-500人', '本科', 'Python开发工程师', '全职', '10k-15k', '1-3年']
['上海', '北京字节跳动科技有限公司', '2000人以上', '本科', 'Python开发工程师', '全职', '25k-40k', '3-5年']
['北京', '北京金堤科技有限公司', '500-2000人', '本科', 'Python开发工程师', '全职', '15k-25k', '3-5年']
['上海', '苏州博纳讯动软件有限公司', '150-500人', '本科', 'python开发工程师', '全职', '12k-20k', '3-5年']
['深圳', '腾讯科技（深圳）有限公司', '2000人以上', '本科', 'python开发工程师', '全职', '20k-40k', '3-5年']
['上海', '上海斯干网络科技有限公司', '150-500人', '本科', 'Python开发工程师', '全职', '20k-40k', '5-10年']
['苏州', '上海坤亿信息技术有限公司', '150-500人', '本科', 'python开发', '全职', '8k-10k', '3-5年']
['深圳', '深信服科技股份有限公司', '2000人以上', '不限', 'python开发', '全职', '16k-32k', '不限']
['上海', '舶乐蜜电子商务（上海）有限公司', '150-500人', '本科', 'Python开发工程师', '全职', '13k-19k', '1-3年']
['上海', '广东省电信规划设计院有限公司', '2000人以上', '本科', 'Python开发工程师', '全职', '10k-15k', '1-3年']
['北京', '因诺（上海）资产管理有限公司', '15-50人', '硕士', 'Python开发工程师', '全职', '15k-20k', '1-3年']
['长沙', '深圳市赢时胜信息技术股份有限公司', '500-2000人', '本科', 'python开发工程师', '全职', '8k-12k', '3-5年']
['杭州', '上海吸引子信息科技有限公司', '15-50人', '本科', 'python开发工程师', '全职', '10k-20k', '不限']
['武汉', '湖北百旺金赋科技有限公司', '150-500人', '本科', 'python开发', '全职', '6k-8k', '1-3年']
['上海', '上海微创软件股份有限公司', '2000人以上', '本科', 'python开发', '全职', '12k-17k', '3-5年']
['苏州', '上海微创软件股份有限公司', '2000人以上', '本科', 'python开发', '全职', '15k-25k', '3-5年']
['杭州', '易宝软件科技（南京）有限公司', '150-500人', '本科', 'python开发工程师', '全职', '8k-16k', '3-5年']
['杭州', '易宝软件科技（南京）有限公司', '150-500人', '本科', 'python', '全职', '10k-18k', '1-3年']
['上海', 'TCL实业控股股份有限公司', '2000人以上', '本科', 'PYTHON开发工程师', '全职', '13k-25k', '不限']
['深圳', 'TCL实业控股股份有限公司', '2000人以上', '本科', 'PYTHON开发工程师', '全职', '13k-25k', '不限']
['上海', '达而观信息科技（上海）有限公司', '150-500人', '本科', 'python开发', '全职', '15k-30k', '3-5年']
['北京', '北京米可世界科技有限公司', '150-500人', '本科', 'python开发工程师', '全职', '12k-20k', '1-3年']
['上海', '上海走走信息科技有限公司', '15-50人', '本科', 'python开发', '全职', '20k-40k', '3-5年']
['上海', '上海中软华腾软件系统有限公司', '2000人以上', '本科', 'python开发', '全职', '9k-18k', '1-3年']
['上海', '达而观信息科技（上海）有限公司', '150-500人', '本科', 'Python开发工程师', '全职', '15k-30k', '3-5年']
['上海', '北京市商汤科技开发有限公司', '2000人以上', '本科', 'Python开发工程师', '全职', '20k-35k', '3-5年']
['深圳', '佳兆业投资咨询（深圳）有限公司', '50-150人', '本科', 'Python开发工程师', '全职', '20k-35k', '3-5年']
['北京', '深圳市金证科技股份有限公司', '2000人以上', '本科', 'python开发', '全职', '18k-35k', '5-10年']
['北京', '北京嘉和美康信息技术有限公司', '500-2000人', '本科', 'python开发工程师', '全职', '18k-25k', '5-10年']
['成都', '成都无糖信息技术有限公司', '50-150人', '不限', 'python开发工程师', '全职', '8k-15k', '不限']
['上海', '上海大智慧股份有限公司', '500-2000人', '大专', 'Python开发工程师', '全职', '10k-20k', '1-3年']
['深圳', '华为技术有限公司', '2000人以上', '本科', 'python开发', '全职', '15k-30k', '3-5年']
['深圳', '深信服科技股份有限公司', '2000人以上', '本科', 'python开发工程师', '全职', '14k-28k', '不限']
['上海', '深圳平安综合金融服务有限公司', '2000人以上', '本科', 'Python开发工程师', '全职', '15k-30k', '3-5年']
['深圳', '深信服科技股份有限公司', '2000人以上', '本科', 'python开发工程师', '全职', '11k-22k', '不限']
['深圳', '深圳市光逸科技创新有限公司', '50-150人', '本科', 'Python开发工程师', '全职', '15k-20k', '1-3年']
['北京', '成都妍丹信息科技有限公司', '50-150人', '本科', 'python', '全职', '25k-40k', '3-5年']
['北京', '北京缔联科技有限公司', '50-150人', '大专', 'python', '全职', '15k-30k', '3-5年']
['成都', '微慕客（成都）科技有限公司', '50-150人', '本科', 'python开发工程师', '全职', '8k-12k', '1-3年']
['北京', '北京金山云网络技术有限公司', '2000人以上', '本科', 'python开发工程师', '全职', '20k-40k', '3-5年']
['深圳', '深圳呗佬科技有限公司', '15-50人', '本科', 'python开发工程师', '全职', '20k-40k', '3-5年']
['深圳', '深圳市比一比网络科技有限公司', '50-150人', '本科', 'python开发工程师', '全职', '15k-20k', '3-5年']
['上海', '上海大岂网络科技有限公司', '150-500人', '本科', 'python工程师', '全职', '12k-20k', '3-5年']
['深圳', '深圳蓝贝科技有限公司', '500-2000人', '本科', 'Python开发工程师', '全职', '15k-25k', '3-5年']
['昆明', '杭州映云科技有限公司', '15-50人', '本科', 'Python工程师', '全职', '6k-12k', '1-3年']
['广州', '奇虎360科技有限公司', '2000人以上', '本科', 'Python开发工程师', '全职', '20k-35k', '3-5年']
['上海', '云汉芯城（上海）互联网科技股份有限公司', '500-2000人', '本科', 'python开发', '全职', '15k-25k', '3-5年']
['杭州', '易宝软件科技（南京）有限公司', '150-500人', '本科', 'Python开发', '全职', '10k-18k', '1-3年']
['成都', '易宝软件科技（南京）有限公司', '150-500人', '本科', 'python开发', '全职', '9k-18k', '3-5年']
['北京', '北京艨艟信息技术有限公司', '50-150人', '本科', 'Python开发工程师', '全职', '15k-30k', '1-3年']
['成都', '成都玛尔斯科技有限公司', '150-500人', '本科', 'python开发', '全职', '15k-25k', '3-5年']
['北京', '北京极睿科技有限责任公司', '15-50人', '本科', 'python开发工程师', '全职', '20k-40k', '3-5年']
['武汉', '北京神州绿盟信息安全科技股份有限公司', '500-2000人', '本科', 'python开发工程师', '全职', '15k-25k', '不限']
['成都', '成都南天佳信信息工程有限公司', '50-150人', '本科', 'python开发', '全职', '9k-13k', '3-5年']
['广州', '广州游爱网络技术有限公司', '500-2000人', '大专', 'python开发工程师', '全职', '10k-14k', '3-5年']
['北京', '北京汉迪移动互联网科技股份有限公司', '150-500人', '本科', 'Python开发工程师', '全职', '15k-30k', '1-3年']
['北京', '北京快快网络技术有限公司', '500-2000人', '本科', 'Python开发工程师', '全职', '15k-25k', '不限']
['苏州', '天聚地合（苏州）数据股份有限公司', '50-150人', '本科', 'python开发工程师', '全职', '10k-20k', '3-5年']
['武汉', '武汉噢易科技有限公司', '150-500人', '大专', 'python开发工程师', '全职', '10k-20k', '3-5年']
['北京', '北京达佳互联信息技术有限公司', '2000人以上', '本科', 'Python开发工程师-【基础架构】', '全职', '25k-50k', '不限']
['上海', '上海脉策数据科技有限公司', '50-150人', '本科', 'python开发工程师', '全职', '14k-18k', '1-3年']
['成都', '易宝软件科技（南京）有限公司', '150-500人', '本科', 'Python开发工程师', '全职', '10k-15k', '3-5年']
['杭州', '易宝软件科技（南京）有限公司', '150-500人', '本科', 'python开发', '全职', '12k-24k', '3-5年']
['上海', '光之树（北京）科技有限公司', '15-50人', '本科', 'Python', '全职', '20k-35k', '3-5年']
['北京', '时趣互动（北京）科技有限公司', '500-2000人', '不限', 'python开发', '全职', '10k-20k', '3-5年']
['北京', '北京数美时代科技有限公司', '150-500人', '本科', 'python', '全职', '10k-20k', '应届毕业生']
['深圳', '深圳市博悦科创科技有限公司', '500-2000人', '本科', 'python开发', '全职', '13k-15k', '3-5年']
['武汉', '武汉心络科技有限公司', '50-150人', '本科', 'Python开发工程师', '全职', '8k-15k', '3-5年']
['广州', '广州好推网络科技有限公司', '15-50人', '大专', 'python开发工程师', '全职', '8k-16k', '1-3年']
['北京', '嘉实基金管理有限公司', '500-2000人', '本科', 'python开发工程师', '全职', '13k-19k', '不限']
['北京', '北京源清慧虹信息科技有限公司', '50-150人', '本科', '高级python研发工程师', '全职', '20k-30k', '3-5年']
['深圳', '智牛数字科技（广州）有限公司', '500-2000人', '本科', 'Python开发工程师', '全职', '18k-25k', '3-5年']
['上海', '上海宏路数据技术股份有限公司', '150-500人', '不限', 'Python开发工程师', '全职', '8k-15k', '不限']
['昆明', '云南银软科技有限公司', '15-50人', '不限', 'python工程师', '全职', '4k-8k', '不限']
['北京', '北京绘云天科技有限公司', '15-50人', '本科', 'python', '全职', '10k-15k', '1-3年']
['上海', '易宝软件科技（南京）有限公司', '150-500人', '不限', 'python开发', '全职', '12k-18k', '3-5年']
['杭州', '易宝软件科技（南京）有限公司', '150-500人', '本科', 'python开发', '全职', '10k-20k', '不限']
['上海', '上海瀚途网络技术有限公司', '150-500人', '本科', 'python开发', '全职', '15k-25k', '3-5年']
['北京', '北京影谱科技股份有限公司', '50-150人', '本科', 'python开发工程师', '全职', '15k-30k', '3-5年']
['上海', '云汉芯城（上海）互联网科技股份有限公司', '500-2000人', '本科', 'Python工程师', '全职', '15k-25k', '3-5年']
['深圳', '深圳市易博天下科技有限公司', '150-500人', '本科', 'python开发', '全职', '12k-17k', '1-3年']
['上海', '上海斗象信息科技有限公司', '150-500人', '本科', 'Python后端研发工程师', '全职', '15k-30k', '3-5年']
['上海', '上海赛舵智能科技有限公司', '15-50人', '本科', '后端工程师（Python/Golang）', '全职', '20k-40k', '3-5年']
['北京', '北京次世代未来教育科技有限公司', '150-500人', '本科', 'python工程师', '全职', '18k-30k', '3-5年']
['武汉', '武汉佰钧成技术有限责任公司', '2000人以上', '本科', 'python', '全职', '8k-12k', '3-5年']
['广州', '數立方研究中心有限公司', '50-150人', '本科', 'Python数据工程师', '全职', '12k-24k', '1-3年']
['北京', '武汉佰钧成技术有限责任公司', '2000人以上', '本科', 'python开发工程师', '全职', '13k-20k', '3-5年']
['广州', '网易（杭州）网络有限公司', '2000人以上', '本科', 'python开发工程师', '全职', '15k-30k', '不限']
['北京', '北京字节跳动科技有限公司', '2000人以上', '本科', 'Python开发工程师-变现业务', '全职', '25k-40k', '1-3年']
['上海', '上海安垚网络科技有限公司', '15-50人', '不限', 'python', '全职', '5k-8k', '不限']
['深圳', '深圳市前海润杨金融服务有限公司', '2000人以上', '大专', 'python开发', '全职', '9k-12k', '1-3年']
['上海', '上海九鞅科技有限公司', '15-50人', '本科', 'python后端开发工程师', '全职', '8k-16k', '1-3年']
['深圳', '深圳市长亮科技股份有限公司', '2000人以上', '本科', 'python开发', '全职', '15k-25k', '3-5年']
['北京', '北京字节跳动科技有限公司', '2000人以上', '本科', '服务器端开发工程师（Python/Go）', '全职', '30k-45k', '3-5年']
['深圳', '腾讯科技（深圳）有限公司', '2000人以上', '本科', '数据分析平台开发工程师（Python）', '全职', '20k-40k', '3-5年']
['西安', '腾讯科技（深圳）有限公司', '2000人以上', '本科', '西安子公司- Python 后台开发工程师', '全职', '20k-30k', '3-5年']
['深圳', '北京视野金融信息服务有限公司', '50-150人', '本科', 'Python开发工程师---0401', '全职', '15k-25k', '3-5年']
['成都', '成都路行通信息技术有限公司', '500-2000人', '本科', 'python研发工程师（web端）', '全职', '10k-15k', '3-5年']
['广州', '數立方研究中心有限公司', '50-150人', '本科', 'Python数据工程师', '全职', '12k-24k', '1-3年']
['北京', '北京下厨房科技有限公司', '150-500人', '本科', 'Python开发工程师', '全职', '10k-20k', '不限']
['成都', '上海易路软件有限公司', '150-500人', '大专', 'Python开发工程师', '全职', '8k-15k', '3-5年']
['杭州', '杭州艾耕科技有限公司', '150-500人', '本科', 'Python后端研发工程师', '全职', '15k-30k', '3-5年']
['苏州', '北京瑞友科技股份有限公司', '2000人以上', '本科', 'Python开发（SZ）', '全职', '10k-20k', '3-5年']
['北京', '上海倾听信息技术有限公司', '150-500人', '本科', 'Python 后端开发（北京）', '全职', '18k-36k', '1-3年']
['杭州', '杭州艾耕科技有限公司', '150-500人', '本科', 'python后端开发（P6-P7）', '全职', '25k-45k', '3-5年']
['深圳', '深圳市前海房极客网络科技有限公司', '150-500人', '本科', '高级Python工程师', '全职', '10k-20k', '3-5年']
['深圳', '深圳市前海房极客网络科技有限公司', '150-500人', '本科', '高级Python爬虫工程师', '全职', '10k-20k', '3-5年']
['上海', '上海九鞅科技有限公司', '15-50人', '本科', 'python后端开发工程师', '全职', '8k-16k', '1-3年']
['深圳', '深圳市比一比网络科技有限公司', '50-150人', '本科', 'Python工程师', '全职', '15k-20k', '3-5年']
['上海', '上海合阔信息技术有限公司', '15-50人', '本科', 'Python 开发架构师', '全职', '30k-45k', '5-10年']
['成都', '成都思而科软件有限公司', '50-150人', '本科', 'python开发工程师', '全职', '8k-15k', '3-5年']
['北京', '北京视野金融信息服务有限公司', '50-150人', '本科', 'Python开发工程师---0201', '全职', '15k-25k', '3-5年']
['重庆', '重庆食联购电子商务有限公司', '15-50人', '本科', 'python工程师', '全职', '7k-10k', '3-5年']
['杭州', '浙江天垂科技有限公司', '15-50人', '本科', 'python后端工程师', '全职', '15k-30k', '不限']
['北京', '北京汉迪移动互联网科技股份有限公司', '150-500人', '本科', 'python开发', '全职', '20k-35k', '3-5年']
['深圳', '上海微创软件股份有限公司', '2000人以上', '本科', '众包项目助理（python开发、外派腾讯）', '全职', '9k-12k', '1-3年']
['深圳', '深圳市前海房极客网络科技有限公司', '150-500人', '本科', '高级Python工程师', '全职', '10k-20k', '3-5年']
['深圳', '深圳市前海房极客网络科技有限公司', '150-500人', '本科', '高级Python爬虫工程师', '全职', '10k-20k', '3-5年']
['杭州', '杭州飞享数据技术有限公司', '15-50人', '本科', 'python开发工程师', '全职', '13k-26k', '3-5年']
['上海', '上海锐成信息科技有限公司', '15-50人', '本科', 'Python开发', '全职', '8k-12k', '不限']
['深圳', '微诺（深圳）科技有限公司', '50-150人', '本科', 'python开发', '全职', '15k-30k', '3-5年']
['上海', '上海加美文化传媒有限公司', '15-50人', '本科', 'Python后端', '全职', '15k-25k', '1-3年']
['上海', '上海加美文化传媒有限公司', '15-50人', '硕士', 'python高级开发工程师', '全职', '25k-50k', '3-5年']
['广州', '威讯柏睿数据科技（北京）有限公司', '50-150人', '本科', 'Python开发工程师', '全职', '13k-25k', '3-5年']
['上海', '上海雪湖科技有限公司', '50-150人', '本科', 'Python高级开发工程师', '全职', '15k-30k', '1-3年']
['深圳', '腾讯科技（深圳）有限公司', '2000人以上', '本科', '监控系统开发工程师-Python&amp;Go', '全职', '16k-30k', '3-5年']
['上海', '上海加美文化传媒有限公司', '15-50人', '硕士', 'python高级开发工程师', '全职', '25k-50k', '3-5年']
['西安', '武汉佰钧成技术有限责任公司', '2000人以上', '本科', 'python开发工程师', '全职', '7k-14k', '1-3年']
['广州', '威讯柏睿数据科技（北京）有限公司', '50-150人', '本科', 'Python开发工程师', '全职', '13k-25k', '3-5年']
['上海', '上海雪湖科技有限公司', '50-150人', '本科', 'Python高级开发工程师', '全职', '15k-30k', '1-3年']
['宝鸡', '北京悠麦科技有限公司', '15-50人', '不限', 'Python工程师', '全职', '4k-8k', '1-3年']
['广州', '广州美亚电子商务国际旅行社有限公司', '500-2000人', '大专', 'Python开发工程师', '全职', '6k-12k', '1-3年']
['深圳', '深圳前海小鸟云计算有限公司', '50-150人', '大专', '系统工程师（会Python）', '全职', '15k-20k', '3-5年']
['上海', '上海中软华腾软件系统有限公司', '2000人以上', '本科', 'python', '全职', '10k-17k', '3-5年']
['深圳', '风变科技（深圳）有限公司', '500-2000人', '本科', 'Python讲师', '全职', '7k-13k', '不限']
['上海', '上海量锐信息科技有限公司', '50-150人', '本科', 'python', '全职', '17k-25k', '3-5年']
['深圳', '深圳众禄基金销售股份有限公司', '150-500人', '本科', 'Python开发工程师', '全职', '15k-25k', '3-5年']
['北京', '深圳市金证优智科技有限公司', '50-150人', '本科', 'python开发', '全职', '15k-25k', '3-5年']
['福州', '福州蓝鲨信息技术有限公司', '15-50人', '大专', 'python开发', '实习', '2k-3k', '应届毕业生']
['北京', '北京新光数字电影院线有限公司', '50-150人', '本科', 'Python开发工程师', '全职', '10k-15k', '3-5年']
['西安', '陕西尚品信息科技有限公司', '15-50人', '本科', 'Python开发工程师', '全职', '8k-15k', '3-5年']
['北京', '北京万里开源软件有限公司', '150-500人', '本科', '云平台开发工程师（Python后端开发）', '全职', '13k-25k', '3-5年']
['北京', '北京启明星辰信息安全技术有限公司', '500-2000人', '本科', 'Python开发（情报分析平台）', '实习', '3k-6k', '应届毕业生']
['苏州', '广州绿网环境保护服务中心', '15-50人', '大专', 'Python工程师', '全职', '6k-12k', '1-3年']
['杭州', '杭州艾耕科技有限公司', '150-500人', '本科', 'python后端实习', '实习', '4k-6k', '应届毕业生']
['武汉', '武汉烽火普天信息技术有限公司', '50-150人', '本科', 'python开发工程师', '全职', '6k-10k', '1-3年']
['北京', '北京艾唯博瑞科技有限公司', '15-50人', '本科', 'Python工程师', '全职', '12k-15k', '3-5年']
['武汉', '浙江力太工业互联网有限公司', '150-500人', '本科', 'python工程师', '全职', '11k-20k', '1-3年']
['深圳', '深圳市明源云客电子商务有限公司', '2000人以上', '本科', 'Python高级开发工程师', '全职', '15k-30k', '3-5年']
['武汉', '深圳比特屋网络有限公司', '15-50人', '本科', '后端开发工程师（Python/Ruby）', '全职', '10k-20k', '1-3年']
['无锡', '无锡骏聿科技有限公司', '500-2000人', '本科', 'Python开发工程师', '全职', '6k-10k', '不限']
['深圳', '上海扬麟文化传播有限公司', '50-150人', '本科', 'go/java/python/c/c++', '全职', '15k-30k', '不限']
['杭州', '易宝软件科技（南京）有限公司', '150-500人', '本科', 'python开发工程师', '全职', '8k-16k', '1-3年']
['北京', '北京融智国创科技有限公司', '50-150人', '本科', 'python开发工程师', '全职', '8k-12k', '应届毕业生']
['上海', '上海牛咖信息科技有限公司', '150-500人', '本科', 'Python数据开发工程师', '全职', '15k-30k', '3-5年']
['北京', '四川伊澳农业科技有限公司', '2000人以上', '本科', '后台开发（C++/go/PHP/python）', '全职', '30k-50k', '3-5年']
['长沙', '湖南逻辑教育科技有限公司', '15-50人', '大专', 'python', '全职', '5k-8k', '1-3年']
['上海', '通联数据股份公司', '500-2000人', '本科', 'Python后端开发工程师SH', '全职', '10k-20k', '1-3年']
['广州', '海南元游信息技术有限公司广州分公司', '150-500人', '不限', 'Python开发工程师(000734)', '全职', '8k-12k', '1-3年']
['北京', '杉数科技（北京）有限公司', '50-150人', '本科', 'Python算法开发工程师', '全职', '12k-20k', '3-5年']
['深圳', '深圳市趣虹科技有限公司', '50-150人', '本科', 'python研发工程师', '全职', '12k-15k', '1-3年']
['西安', '西安泰晟信息科技有限公司', '50-150人', '本科', 'python开发', '全职', '10k-18k', '3-5年']
['北京', '北京缔联科技有限公司', '50-150人', '大专', 'Python Web开发工程师', '全职', '15k-20k', '3-5年']
['深圳', '岩心科技（深圳）有限公司', '500-2000人', '本科', 'Python后台开发工程师(J10561)', '全职', '15k-30k', '3-5年']
['杭州', '信雅达（杭州）计算机服务有限公司', '2000人以上', '本科', 'Python开发工程师', '全职', '9k-13k', '1-3年']
['成都', '成都萌想科技有限责任公司', '150-500人', '本科', '高级python开发工程师', '全职', '15k-25k', '5-10年']
['深圳', 'OPPO广东移动通信有限公司', '2000人以上', '大专', 'Python工程师助理6913', '全职', '8k-13k', '1-3年']
['上海', '上海谷露软件有限公司', '50-150人', '本科', 'python开发工程师G00345', '全职', '20k-40k', '不限']
['上海', '聚时科技（上海）有限公司', '50-150人', '本科', 'python开发经理', '全职', '25k-35k', '5-10年']
['深圳', '深圳小步网络科技有限公司', '150-500人', '本科', 'Python后台开发工程师', '全职', '15k-30k', '3-5年']
['杭州', '纬创软件股份有限公司', '500-2000人', '本科', 'python后端', '全职', '13k-16k', '3-5年']
['北京', '多抓鱼（北京）科技有限公司', '15-50人', '本科', 'python后端', '全职', '20k-35k', '5-10年']
['上海', '上海心莲信息科技有限公司', '15-50人', '本科', '技术经理（python)', '全职', '18k-30k', '3-5年']
['北京', '上海微创软件股份有限公司', '2000人以上', '本科', 'Python开发工程师', '全职', '10k-15k', '1-3年']
['北京', '艾迈科斯媒体科技（北京）有限公司', '150-500人', '本科', 'Python后端开发', '全职', '18k-36k', '1-3年']
['成都', '成都美尔贝科技股份有限公司', '500-2000人', '大专', 'Python实习生', '全职', '2k-3k', '不限']
['北京', '北京字节跳动科技有限公司', '2000人以上', '本科', 'Python后端高级开发工程师-抖音/火山', '全职', '20k-40k', '1-3年']
['广州', '广州探迹科技有限公司', '150-500人', '本科', '中高级python后台工程师', '全职', '18k-30k', '3-5年']
['杭州', '杭州普健医疗科技有限公司', '15-50人', '大专', 'python', '全职', '10k-20k', '1-3年']
['西安', '上海易宝软件有限公司', '500-2000人', '本科', 'python', '全职', '8k-15k', '1-3年']
['武汉', '武汉飞脉科技有限责任公司', '15-50人', '不限', 'Python开发工程师', '全职', '3k-5k', '应届毕业生']
['杭州', '杭州同花顺数据开发有限公司', '2000人以上', '本科', '监控平台开发工程师（Python、Go、C++）', '全职', '13k-20k', '1-3年']
['北京', '微梦创科网络科技（中国）有限公司', '2000人以上', '本科', '测试开发工程师（Python开发测试框架）', '全职', '20k-35k', '3-5年']
['深圳', '北京国双科技有限公司', '500-2000人', '本科', 'Python后端开发工程师', '全职', '15k-30k', '3-5年']
['北京', '开易（北京）科技有限公司', '150-500人', '本科', 'python后端开发工程师', '全职', '15k-25k', '3-5年']
['杭州', '浙江省农村信用社联合社', '2000人以上', '本科', 'python', '全职', '13k-15k', '应届毕业生']
['上海', '江西点内人工智能科技有限公司', '15-50人', '本科', 'Python后端开发工程师', '全职', '15k-30k', '3-5年']
['深圳', '深圳爱艺客网络科技有限公司', '少于15人', '不限', 'python开发', '全职', '18k-25k', '5-10年']
['深圳', '深圳点猫科技有限公司', '2000人以上', '本科', '编程猫少儿编程教师（Python 方向）', '全职', '8k-15k', '不限']
['北京', '深圳点猫科技有限公司', '2000人以上', '本科', 'Python培训讲师', '全职', '8k-15k', '3-5年']
['北京', '成都西山居互动娱乐科技有限公司珠海分公司', '2000人以上', '本科', 'Python游戏研发', '全职', '15k-30k', '3-5年']
['北京', '腾讯科技（深圳）有限公司', '2000人以上', '本科', 'python后台开发（深圳）', '全职', '30k-50k', '3-5年']
['上海', '上海众言网络科技有限公司', '150-500人', '本科', '高级python后端开发工程师', '全职', '20k-35k', '5-10年']
['上海', '上海众言网络科技有限公司', '150-500人', '本科', 'python后端工程师', '全职', '14k-20k', '3-5年']
['深圳', '腾讯科技（深圳）有限公司', '2000人以上', '本科', 'IEG-python后台开发工程师', '全职', '25k-50k', '3-5年']
['北京', '许昌北邮万联网络技术有限公司', '50-150人', '本科', '高级Python研发工程师', '全职', '15k-30k', '5-10年']
['上海', '上海沐瞳科技有限公司', '500-2000人', '本科', 'python开发（运维开发）', '全职', '25k-35k', '5-10年']
['杭州', '杭州知衣科技有限公司', '50-150人', '本科', 'python爬虫', '全职', '15k-25k', '1-3年']
['上海', '北京字节跳动科技有限公司', '2000人以上', '本科', '资深Python研发工程师-广告系统', '全职', '20k-35k', '3-5年']
['深圳', '顺丰科技有限公司', '2000人以上', '本科', 'DSQ-Python后端开发工程师', '全职', '18k-35k', '3-5年']
['上海', '深圳市雪球科技有限公司', '50-150人', '本科', 'python开发工程师-上海', '全职', '18k-25k', '3-5年']
['北京', '北京搜狗科技发展有限公司', '2000人以上', '本科', '信息流-Python开发工程师', '全职', '20k-40k', '不限']
['北京', '北京搜狗科技发展有限公司', '2000人以上', '本科', '搜狗金融-Python后端开发工程师', '全职', '30k-45k', '5-10年']
['深圳', '深圳金蝶账无忧网络科技有限公司', '50-150人', '本科', 'Python开发工程师', '全职', '12k-16k', '3-5年']
['深圳', '深圳无内科技有限公司', '15-50人', '本科', 'Python爬虫工程师', '全职', '20k-35k', '3-5年']
['广州', '广州智品移动技术有限公司', '50-150人', '本科', '客户端开发工程师（C++/Python）', '全职', '18k-25k', '不限']
['北京', '达内时代科技集团有限公司', '2000人以上', '本科', '少儿编程讲师-python、scratch、C++', '全职', '7k-10k', '不限']
['北京', '达内时代科技集团有限公司', '2000人以上', '本科', 'Python金牌讲师', '全职', '15k-25k', '3-5年']
['上海', '百度在线网络技术（北京）有限公司', '2000人以上', '本科', 'AI开发平台部_Python/C++研发工程师', '全职', '18k-36k', '不限']
['西安', '北京神州绿盟信息安全科技股份有限公司', '500-2000人', '本科', 'Python开发工程师（CBB）(J12178)', '全职', '12k-18k', '1-3年']
['上海', '达而观信息科技（上海）有限公司', '150-500人', '本科', '高级python', '全职', '20k-35k', '5-10年']
['深圳', '深圳市和讯华谷信息技术有限公司', '500-2000人', '本科', 'Python开发工程师（爬虫）', '全职', '12k-20k', '3-5年']
['北京', '建信金融科技有限责任公司', '2000人以上', '本科', '高级Python开发工程师', '全职', '20k-40k', '3-5年']
['武汉', '智慧工匠科技有限公司', '50-150人', '本科', '\u200b爬虫软件工程师(python)', '全职', '8k-16k', '1-3年']
['北京', '北京高域海汇科技有限公司', '150-500人', '本科', 'Python全栈工程师', '全职', '20k-30k', '3-5年']
['上海', '江曲投资咨询（上海）有限公司', '150-500人', '本科', 'Python高级开发工程师', '全职', '15k-30k', '5-10年']
['北京', '北京奥鹏远程教育中心有限公司', '50-150人', '大专', 'Python讲师', '全职', '10k-20k', '1-3年']
['上海', '上海茗日智能科技有限公司', '15-50人', '本科', 'PYTHON开发工程师 资深SH', '全职', '20k-36k', '3-5年']
['上海', '上海茗日智能科技有限公司', '15-50人', '本科', 'PYTHON开发工程师 SH', '全职', '15k-30k', '1-3年']
['北京', '北京京东世纪贸易有限公司', '2000人以上', '本科', '高级python开发工程师', '全职', '25k-40k', '5-10年']
['宁波', '杭州绿湾网络科技有限公司', '150-500人', '本科', 'Python运维工程师', '全职', '10k-20k', '3-5年']
['深圳', '深圳市陀螺传媒有限公司', '150-500人', '大专', 'Python技术经理', '全职', '18k-32k', '3-5年']
['上海', '上海非夕机器人科技有限公司', '150-500人', '本科', 'python开发工程师（AI平台开发）', '全职', '15k-30k', '3-5年']
['广州', '广州酷狗计算机科技有限公司', '500-2000人', '本科', 'PTBU-后端开发工程师（python)', '全职', '15k-30k', '3-5年']
['北京', '北京字节跳动科技有限公司', '2000人以上', '本科', 'Python开发工程师-安全方向', '全职', '20k-40k', '1-3年']
['北京', '北京黑尾互动科技有限公司', '15-50人', '本科', '高级Python经理', '全职', '28k-40k', '5-10年']
['北京', '北京黑尾互动科技有限公司', '15-50人', '本科', '高级Python工程师', '全职', '25k-40k', '5-10年']
['上海', '易宝软件科技（南京）有限公司', '150-500人', '大专', 'python开发1', '全职', '13k-18k', '3-5年']
['杭州', '易宝软件科技（南京）有限公司', '150-500人', '本科', 'Python（测试方向）', '全职', '12k-20k', '1-3年']
['北京', '高德软件有限公司', '2000人以上', '本科', '高德-高级开发工程师/专家-Python/Go', '全职', '25k-50k', '3-5年']
['上海', '我查查信息技术（上海）有限公司', '150-500人', '不限', '高级python开发工程师', '全职', '25k-35k', '5-10年']
['杭州', '杭州河象网络科技有限公司', '500-2000人', '本科', 'Python资深开发工程师', '全职', '13k-26k', '3-5年']
['深圳', '风变科技（深圳）有限公司', '500-2000人', '本科', 'python教研实习生', '兼职', '4k-6k', '不限']
['杭州', '杭州大搜车汽车服务有限公司', '2000人以上', '本科', '资深数据中台研发工程师(Python方向)', '全职', '15k-25k', '3-5年']
['杭州', '杭州大搜车汽车服务有限公司', '2000人以上', '本科', 'Python研发工程师（数据平台）', '全职', '9k-15k', '1-3年']
['广州', '北京传智播客教育科技有限公司', '500-2000人', '大专', 'python web讲师', '全职', '25k-50k', '5-10年']
['广州', '北京传智播客教育科技有限公司', '500-2000人', '本科', 'python高级讲师', '全职', '25k-50k', '5-10年']
['北京', '云势天下（北京）软件有限公司', '150-500人', '本科', 'Python后端工程师', '全职', '18k-25k', '3-5年']
['北京', '北京聚云数字信息技术有限公司', '50-150人', '本科', 'python（API接口）', '全职', '15k-25k', '3-5年']
['北京', '北京陌陌科技有限公司', '500-2000人', '本科', 'Python高级/中级研发工程师(安全方向)', '全职', '25k-40k', '3-5年']
['南京', '南京贝湾信息科技有限公司', '150-500人', '不限', 'Python答疑老师', '全职', '5k-9k', '不限']
['南京', '南京贝湾信息科技有限公司', '150-500人', '不限', 'Python课程内容编辑', '全职', '8k-15k', '不限']
['北京', '秒针信息技术有限公司', '2000人以上', '本科', '高级python工程师(J11346)', '全职', '20k-30k', '3-5年']
['上海', '上海行动教育科技股份有限公司', '500-2000人', '本科', 'python开发工程师（CRM）', '全职', '18k-25k', '5-10年']
['上海', '上海答派体育文化发展有限公司', '50-150人', '大专', 'Python高级开发工程师', '全职', '15k-25k', '3-5年']
['北京', '在线途游（北京）科技有限公司', '150-500人', '本科', '高级python开发工程师', '全职', '20k-40k', '3-5年']
['杭州', '九章算法（杭州）科技有限公司', '15-50人', '本科', 'python后端', '全职', '10k-15k', '1-3年']
['上海', '上海云轴信息科技有限公司', '150-500人', '本科', 'python后端', '全职', '15k-25k', '1-3年']
['杭州', '杭州慧川智能科技有限公司', '15-50人', '大专', '高级python', '全职', '20k-40k', '5-10年']
['长沙', '湖南探球网络科技有限公司', '50-150人', '大专', '高级Python开发工程师', '全职', '10k-15k', '3-5年']
['北京', '北京首都在线科技股份有限公司', '150-500人', '本科', 'python后端开发工程师', '全职', '15k-25k', '3-5年']
['上海', '上海识装信息科技有限公司', '500-2000人', '大专', 'Python开发工程师', '全职', '20k-40k', '3-5年']
['北京', '中国通信服务香港有限公司', '50-150人', '本科', 'Python运维开发工程师', '全职', '10k-20k', '3-5年']
['深圳', '深圳市财盈通科技有限公司', '150-500人', '本科', 'Python爬虫工程师', '全职', '8k-15k', '1-3年']
['上海', '北京字节跳动科技有限公司', '2000人以上', '本科', 'Python开发工程师（研发效率方向）', '全职', '25k-50k', '3-5年']
['北京', '北京字节跳动科技有限公司', '2000人以上', '本科', '高级python工程师', '全职', '30k-60k', '3-5年']
['北京', '北京搜狐新媒体信息技术有限公司', '2000人以上', '本科', 'Python后端开发工程师 (MJ006889)', '全职', '15k-30k', '3-5年']
['上海', '上海亦存网络科技有限公司', '50-150人', '本科', '高级Python开发', '全职', '20k-40k', '3-5年']
['北京', '北京旷视科技有限公司', '500-2000人', '本科', '全栈开发工程师（Python方向）', '全职', '20k-40k', '3-5年']
['杭州', '杭州繁衍网络科技有限公司', '50-150人', '本科', 'Python爬虫工程师', '全职', '10k-20k', '1-3年']
['北京', '北京旷视科技有限公司', '500-2000人', '本科', '资深软件开发工程师（Go/Python，云方向）', '全职', '20k-40k', '3-5年']
['上海', '上海亦存网络科技有限公司', '50-150人', '本科', 'Python后端开发工程师', '全职', '20k-40k', '3-5年']
['上海', '上海别样秀数据科技有限公司', '150-500人', '本科', 'Python爬虫工程师(Selenium方向)', '全职', '10k-20k', '不限']
['北京', '北京星尘纪元智能科技有限公司', '15-50人', '本科', 'python后端实习生（可转正）', '全职', '3k-6k', '1年以下']
['上海', '上海别样秀数据科技有限公司', '150-500人', '本科', 'Python下单机器人工程师（Selenium方向', '全职', '10k-20k', '3-5年']
['北京', '北京星尘纪元智能科技有限公司', '15-50人', '本科', 'python开发与unit test测试', '全职', '12k-24k', '1-3年']
['深圳', '墨智科技（深圳）有限公司', '15-50人', '本科', '风控策略分析师（SZ）-Python', '全职', '10k-20k', '1-3年']
['上海', '墨智科技（深圳）有限公司', '15-50人', '不限', '风控策略分析师-SH（python）', '全职', '10k-20k', '1-3年']
['深圳', '腾讯科技（深圳）有限公司', '2000人以上', '本科', 'Python大数据工程师', '全职', '10k-15k', '1-3年']
['南京', '北京墨云科技有限公司', '50-150人', '本科', 'python后端开发工程师', '全职', '15k-30k', '3-5年']
['北京', '上海基分文化传播有限公司', '500-2000人', '本科', '资深开发工程师&amp;技术专家（GO/Python）', '全职', '25k-50k', '3-5年']
['成都', '成都数联铭品科技有限公司', '500-2000人', '本科', '大数据python工程师(J10453)', '全职', '10k-15k', '3-5年']
['深圳', '深圳市前海润杨金融服务有限公司', '2000人以上', '本科', '8-15K Python开发需懂Vue（外派腾讯）', '全职', '8k-15k', '1-3年']
['北京', '北京墨云科技有限公司', '50-150人', '本科', 'Python 开发工程师', '全职', '20k-40k', '3-5年']
['上海', '上海莉莉丝科技股份有限公司', '500-2000人', '本科', 'Python大数据开发实习生（2021春招）', '全职', '6k-8k', '应届毕业生']
['上海', '上海骞云信息科技有限公司', '50-150人', '本科', '高级Python开发工程师', '全职', '15k-30k', '3-5年']
['上海', '上海骞云信息科技有限公司', '50-150人', '本科', 'Python 开发工程师', '全职', '10k-18k', '1-3年']
['北京', '北京音悦荚科技有限责任公司', '50-150人', '本科', 'Python技术经理', '全职', '30k-50k', '3-5年']
['上海', '上海媒智科技有限公司', '15-50人', '本科', 'Python 后台开发工程师', '全职', '15k-25k', '3-5年']
['深圳', '富途网络科技（深圳）有限公司', '500-2000人', '不限', '高级DevOps开发工程师/python', '全职', '15k-30k', '3-5年']
['深圳', '富途网络科技（深圳）有限公司', '500-2000人', '本科', '银行业务后台开发工程师-Python', '全职', '14k-28k', '1-3年']
['深圳', '深圳市兴海物联科技有限公司', '150-500人', '本科', 'python后端工程师', '全职', '13k-20k', '1-3年']
['北京', '因诺（上海）资产管理有限公司', '15-50人', '硕士', 'Python全栈工程师', '全职', '15k-30k', '1-3年']
['深圳', 'Foris Limited', '150-500人', '本科', '量化开发工程师（Python）', '全职', '25k-50k', '3-5年']
['北京', '医渡云（北京）技术有限公司', '150-500人', '不限', 'python后端研发工程师', '全职', '20k-35k', '5-10年']
['广州', '网易（杭州）网络有限公司', '2000人以上', '本科', 'python服务端开发工程师', '全职', '15k-30k', '不限']
['杭州', '上海吸引子信息科技有限公司', '15-50人', '本科', 'python开发高级工程师', '全职', '15k-25k', '3-5年']
['北京', '北京爱选信息科技有限公司', '15-50人', '硕士', 'Python高级算法工程师', '全职', '25k-40k', '5-10年']
['上海', '达而观信息科技（上海）有限公司', '150-500人', '本科', '高级python开发工程师', '全职', '20k-30k', '3-5年']
['成都', '成都知道创宇信息技术有限公司', '500-2000人', '本科', 'Python 后端工程师(J10555)', '全职', '15k-20k', '3-5年']
['成都', '成都知道创宇信息技术有限公司', '500-2000人', '本科', 'Python web 开发工程师(J10218)', '全职', '12k-18k', '3-5年']
['北京', '北京吧咔科技有限公司', '50-150人', '本科', 'Python研发工程师', '全职', '12k-24k', '1-3年']
['北京', '北京小米科技有限责任公司', '2000人以上', '硕士', 'Python中高级开发工程师', '全职', '30k-60k', '5-10年']
['深圳', '深圳十方融海科技有限公司', '150-500人', '大专', '研发经理（Python）', '全职', '20k-33k', '5-10年']
['深圳', '深圳十方融海科技有限公司', '150-500人', '本科', '技术经理（python)', '全职', '20k-33k', '5-10年']
['北京', '达而观信息科技（上海）有限公司', '150-500人', '本科', '高级python开发工程师', '全职', '15k-25k', '3-5年']
['广州', '广州中康资讯股份有限公司', '150-500人', '本科', '高级Python开发工程师(J10058)', '全职', '15k-25k', '3-5年']
['广州', '广州中康资讯股份有限公司', '150-500人', '本科', '高级Python工程师（爬虫）(J10059)', '全职', '15k-25k', '5-10年']
['深圳', '深圳市一面网络技术有限公司', '50-150人', '本科', 'Python 工程师（数据平台方向）', '全职', '10k-20k', '1-3年']
['深圳', '深圳市一面网络技术有限公司', '50-150人', '本科', 'Python 工程师（产品研发）', '全职', '10k-20k', '1-3年']
['上海', '上海答派体育文化发展有限公司', '50-150人', '本科', 'Python高级开发工程师', '全职', '16k-25k', '3-5年']
['上海', '上海答派体育文化发展有限公司', '50-150人', '大专', 'python高级开发工程师', '全职', '15k-28k', '3-5年']
['长沙', '长沙蜜獾信息科技有限公司', '150-500人', '本科', 'Python高级（SG0303）', '全职', '10k-15k', '3-5年']
['长沙', '长沙蜜獾信息科技有限公司', '150-500人', '本科', 'Python架构师(SG0304)', '全职', '15k-25k', '5-10年']
['上海', '亚创（上海）工程技术有限公司', '2000人以上', '本科', 'web开发（Python）', '全职', '10k-17k', '1-3年']
['北京', '北京思图场景数据科技服务有限公司', '50-150人', '本科', 'Python研发工程师', '全职', '18k-25k', '3-5年']
['北京', '秒针信息技术有限公司', '2000人以上', '本科', 'Python研发工程师(J11513)', '全职', '20k-35k', '3-5年']
['深圳', '翼果（深圳）科技有限公司', '50-150人', '本科', 'Python后台工程师(科技园)', '全职', '10k-20k', '1-3年']
['深圳', '翼果（深圳）科技有限公司', '50-150人', '本科', '后台开发工程师（Python / Java）', '全职', '8k-15k', '不限']
['上海', '上海谷露软件有限公司', '50-150人', '本科', 'python实习生', '实习', '3k-6k', '应届毕业生']
['北京', '小付钱包技术（北京）有限公司', '150-500人', '本科', 'Python研发工程师', '全职', '10k-20k', '3-5年']
['南京', '南京擎盾信息科技有限公司', '150-500人', '本科', 'python后端', '全职', '8k-16k', '3-5年']
['上海', '上海思贤信息技术股份有限公司', '50-150人', '本科', 'python高级开发', '全职', '15k-30k', '3-5年']
['北京', '百度在线网络技术（北京）有限公司', '2000人以上', '不限', 'python研发工程师（云平台后端）', '全职', '20k-40k', '3-5年']
['上海', '上海策推信息技术有限公司', '50-150人', '不限', 'python开发工程师（杨浦）', '全职', '8k-16k', '1-3年']
['深圳', '深圳市比一比网络科技有限公司', '50-150人', '本科', 'python开发工程师（懂QT）', '全职', '15k-20k', '3-5年']
['北京', '北京百观科技有限公司', '15-50人', '本科', 'Python数据与爬虫工程师', '全职', '12k-24k', '1-3年']
['北京', '上海大岂网络科技有限公司', '150-500人', '本科', '高级Python工程师', '全职', '22k-30k', '5-10年']
['东莞', '东莞美信企业管理咨询有限公司', '2000人以上', '不限', '软件工程师（Python）', '全职', '8k-10k', '不限']
['深圳', '深圳淘乐网络科技有限公司', '150-500人', '本科', '核心客户端开发工程师【Python】', '全职', '10k-20k', '1-3年']
['深圳', '深圳淘乐网络科技有限公司', '150-500人', '本科', '游戏客户端开发（python）', '全职', '8k-16k', '不限']
['杭州', '拉勾猎头', '500-2000人', '本科', 'Python开发主管', '全职', '25k-30k', '5-10年']
['上海', '千寻位置网络有限公司', '500-2000人', '本科', 'python架构师/专家', '全职', '25k-35k', '5-10年']
['杭州', '易宝软件科技（南京）有限公司', '150-500人', '本科', 'python自动化测试', '全职', '11k-22k', '不限']
['北京', '新浪网技术（中国）有限公司', '2000人以上', '本科', 'Python/Go开发工程师', '全职', '15k-30k', '1-3年']
['北京', '云势天下（北京）软件有限公司', '150-500人', '本科', 'Python实习生', '全职', '5k-8k', '1年以下']
['深圳', '深圳合生网络科技有限公司', '50-150人', '大专', 'python数据分析', '全职', '10k-20k', '3-5年']
['北京', '北京慧达天下科技有限公司', '50-150人', '本科', '资深python', '全职', '30k-50k', '5-10年']
['成都', '四川特力飞科技有限公司', '50-150人', '本科', 'Python高级工程师', '全职', '12k-16k', '5-10年']
['成都', '四川特力飞科技有限公司', '50-150人', '本科', 'python中级工程师', '全职', '9k-12k', '3-5年']
['上海', '上海驻云信息科技有限公司', '150-500人', '本科', 'python开发工程师(J10432)', '全职', '12k-16k', '1-3年']
['上海', '上海驻云信息科技有限公司', '150-500人', '本科', '高级python开发(J10447)', '全职', '20k-25k', '5-10年']
['武汉', '北京神州绿盟信息安全科技股份有限公司', '500-2000人', '本科', 'Python云平台研发工程师', '全职', '14k-25k', '不限']
['南京', '华扬联众数字技术股份有限公司西安分公司', '2000人以上', '本科', 'python初级工程师', '全职', '7k-13k', '1-3年']
['南京', '华扬联众数字技术股份有限公司西安分公司', '2000人以上', '本科', 'python高级开发工程师', '全职', '10k-20k', '3-5年']
['北京', '北京快快网络技术有限公司', '500-2000人', '本科', 'Python中级开发工程师', '全职', '20k-25k', '不限']
['深圳', '深圳脸谱电子商务有限公司', '15-50人', '不限', 'python爬虫工程师', '全职', '15k-25k', '3-5年']
['深圳', '深圳云安宝科技有限公司', '50-150人', '本科', 'python工程师（PAS）(002383)', '全职', '15k-30k', '3-5年']
['北京', '北京智者天下科技有限公司', '500-2000人', '本科', 'python 开发工程师 （业务风控）', '全职', '15k-30k', '不限']
['杭州', '网易（杭州）网络有限公司', '2000人以上', '本科', '高级Python开发工程师', '全职', '25k-35k', '3-5年']
['北京', '北京聚道科技有限公司', '15-50人', '本科', 'python开发工程师（后端开发）', '全职', '15k-30k', '1-3年']
['北京', '北京聚道科技有限公司', '15-50人', '本科', '高级后端开发工程师（Python或Java）', '全职', '20k-40k', '3-5年']
['北京', '北京新工场投资顾问有限公司', '50-150人', '本科', '高级python开发工程师', '全职', '15k-30k', '1-3年']
['北京', '北京数美时代科技有限公司', '150-500人', '本科', 'python研发工程师', '全职', '10k-20k', '应届毕业生']
['北京', '北京乐信圣文科技有限责任公司', '150-500人', '本科', '高级Python工程师', '全职', '20k-30k', '3-5年']
['广州', '广州南天电脑系统有限公司', '500-2000人', '本科', '机器学习研发工程师（Python）', '全职', '10k-18k', '1-3年']
['杭州', '杭州认识科技有限公司', '50-150人', '本科', '高级Python工程师', '全职', '15k-25k', '3-5年']
['北京', '北京深睿博联科技有限责任公司', '150-500人', '本科', '算法工程师（Python）', '全职', '15k-30k', '3-5年']
['上海', '上海喜马拉雅科技有限公司', '2000人以上', '本科', 'python开发工程师（安全方向）', '全职', '20k-35k', '3-5年']
['西安', '奇虎360科技有限公司', '2000人以上', '本科', 'Python服务端开发工程师', '全职', '10k-20k', '3-5年']
['上海', '上海行动教育科技股份有限公司', '500-2000人', '本科', 'Python开发工程师（Odoo）', '全职', '15k-20k', '3-5年']
['北京', '北京源堡科技有限公司', '500-2000人', '本科', '高级Python开发工程师', '全职', '15k-30k', '3-5年']
['北京', '奇虎360科技有限公司', '2000人以上', '本科', 'Python服务端开发工程师', '全职', '18k-28k', '3-5年']
['上海', '励德爱思唯尔信息技术（北京）有限公司', '500-2000人', '本科', 'Sr Python Engineer', '全职', '20k-40k', '5-10年']
['上海', '励德爱思唯尔信息技术（北京）有限公司', '500-2000人', '本科', 'Senior Python', '全职', '20k-30k', '5-10年']
['北京', '北京聚微合智信息技术有限公司', '50-150人', '本科', 'Python/ruby/node.js/go', '全职', '15k-30k', '1-3年']
['北京', '北京聚微合智信息技术有限公司', '50-150人', '本科', 'Python/ruby/', '全职', '9k-18k', '应届毕业生']
['西安', '上海中软华腾软件系统有限公司', '2000人以上', '本科', 'python自动化测试（智能芯片/5G/web）', '全职', '7k-13k', '3-5年']
['北京', '混沌时代（北京）教育科技有限公司', '150-500人', '本科', 'python后台工程师', '全职', '15k-25k', '1-3年']
['北京', '混沌时代（北京）教育科技有限公司', '150-500人', '本科', 'python后台工程师', '全职', '20k-40k', '3-5年']
['北京', '北京升鑫网络科技有限公司', '150-500人', '本科', 'Python研发工程师（高级）', '全职', '20k-40k', '5-10年']
['北京', '北京石云科技有限公司', '50-150人', '本科', 'python/node.js', '全职', '12k-24k', '1-3年']
['深圳', '深信服科技股份有限公司', '2000人以上', '本科', '星耀计划-python软件开发（网络安全方向）', '实习', '4k-7k', '应届毕业生']
['北京', '北京米可世界科技有限公司', '150-500人', '本科', 'Python Web开发工程师', '全职', '15k-25k', '1-3年']
['成都', '成都智汇安新科技有限公司', '150-500人', '本科', 'python后端', '全职', '10k-12k', '3-5年']
['北京', '北京升鑫网络科技有限公司', '150-500人', '本科', 'Python研发工程师（高级）', '全职', '25k-50k', '5-10年']
['北京', '北京传智播客教育科技有限公司', '500-2000人', '本科', 'Python专家(J12747)', '全职', '50k-70k', '5-10年']
['北京', '北京传智播客教育科技有限公司', '500-2000人', '本科', 'python web 课程研究员', '全职', '25k-50k', '5-10年']
['杭州', '杭州艾耕科技有限公司', '150-500人', '本科', 'Python后端实习生', '实习', '4k-8k', '应届毕业生']
['北京', '北京地海森波网络技术有限责任公司', '15-50人', '本科', 'Python开发工程师', '全职', '10k-20k', '3-5年']
['深圳', '深圳点猫科技有限公司', '2000人以上', '本科', '课程设计（python）', '全职', '9k-14k', '1-3年']
['深圳', '深圳佑驾创新科技有限公司', '150-500人', '本科', 'Python开发实习生', '全职', '6k-10k', '应届毕业生']
['北京', '北京人和易行科技有限公司', '500-2000人', '大专', 'python(odoo开发工程师)', '全职', '15k-30k', '3-5年']
['北京', '北京理享家商务信息咨询有限公司', '150-500人', '本科', '高级Python后端工程师', '全职', '15k-25k', '3-5年']
['北京', '北京理享家商务信息咨询有限公司', '150-500人', '本科', 'Python高级开发工程师', '全职', '15k-25k', '1-3年']
['北京', '北京影谱科技股份有限公司', '50-150人', '本科', 'python视频后台工程师', '全职', '20k-30k', '3-5年']
['北京', '深圳市有鱼智能科技有限公司', '150-500人', '硕士', 'Python实习', '实习', '4k-7k', '应届毕业生']
['深圳', '华世界科技（深圳）有限公司', '50-150人', '本科', 'Python中级开发工程师', '全职', '12k-20k', '3-5年']
['北京', '深圳市有鱼智能科技有限公司', '150-500人', '硕士', 'Python爬虫实习生', '实习', '4k-7k', '应届毕业生']
['上海', '上海数旦信息技术有限公司', '15-50人', '本科', 'Python开发实习生', '实习', '5k-6k', '应届毕业生']
['北京', '北京奥鹏远程教育中心有限公司', '50-150人', '大专', 'Python助教', '全职', '5k-10k', '1-3年']
['北京', '北京云杉智达科技有限公司', '15-50人', '本科', 'Python后端开发', '全职', '10k-15k', '1-3年']
['北京', '北京云杉智达科技有限公司', '15-50人', '本科', 'Python后端', '全职', '10k-15k', '1-3年']
['天津', '中汽研汽车工业工程（天津）有限公司', '150-500人', '本科', '信息系统开发工程师（PYTHON方向）', '全职', '8k-12k', '1-3年']
['上海', '圆通速递有限公司', '2000人以上', '本科', '资深python开发工程师', '全职', '15k-25k', '5-10年']
['北京', '北京吧咔科技有限公司', '50-150人', '本科', 'Java/Python后端', '全职', '10k-20k', '应届毕业生']
['杭州', '杭州涂鸦信息技术有限公司', '500-2000人', '本科', 'Python开发工程师', '全职', '20k-30k', '3-5年']
['上海', '上海捉米科技有限公司', '少于15人', '本科', 'python后端', '全职', '12k-20k', '1-3年']
['深圳', '深圳脸谱电子商务有限公司', '15-50人', '大专', 'Python爬虫工程师', '全职', '15k-25k', '3-5年']
['杭州', '杭州穆丝科技集团有限公司', '50-150人', '本科', 'python工程师（值啦）', '全职', '10k-15k', '3-5年']
['杭州', '杭州安恒信息技术股份有限公司', '500-2000人', '本科', '【实习】python开发（杭州）', '实习', '2k-3k', '应届毕业生']
['成都', '杭州安恒信息技术股份有限公司', '500-2000人', '本科', '【实习】python开发（成都）', '实习', '2k-3k', '应届毕业生']
['上海', '上海易路软件有限公司', '150-500人', '本科', 'Python中级开发工程师', '全职', '12k-18k', '1-3年']
['北京', '第四范式（北京）技术有限公司', '500-2000人', '本科', 'python爬虫开发工程师（实习生）', '全职', '2k-4k', '不限']
['上海', '上海纳纳科技有限公司', '50-150人', '本科', 'Python后端高级开发工程师', '全职', '15k-25k', '3-5年']
['上海', '上海纳纳科技有限公司', '50-150人', '本科', 'python爬虫', '全职', '14k-21k', '3-5年']
['北京', '第四范式（北京）技术有限公司', '500-2000人', '本科', '机器学习平台 Python 架构师', '全职', '25k-50k', '3-5年']
['杭州', '嘉兴构美信息技术有限公司', '150-500人', '本科', 'python web开发主管', '全职', '20k-35k', '5-10年']
['北京', '北京开课吧科技有限公司', '500-2000人', '本科', 'Python教研', '全职', '15k-30k', '3-5年']
['北京', '凤凰飞扬（北京）新媒体信息技术有限公司', '2000人以上', '本科', 'Python爬虫工程师 (MJ000130)', '全职', '15k-25k', '1-3年']
['上海', '上海上湖信息技术有限公司', '2000人以上', '本科', '数据开发专家Python/go', '全职', '20k-40k', '5-10年']
['上海', '上海上湖信息技术有限公司', '2000人以上', '本科', '运维专家-shell/Python', '全职', '15k-30k', '5-10年']
['上海', '上海贝耳塔信息技术有限公司', '50-150人', '本科', '大数据开发工程师（python）', '全职', '30k-35k', '3-5年']
['深圳', '广州果堤网络科技有限公司', '50-150人', '大专', '高级Python开发工程师:', '全职', '15k-25k', '5-10年']
['北京', '北京优思安科技有限公司', '150-500人', '本科', 'Python高级讲师', '全职', '20k-40k', '3-5年']
['北京', '北京优思安科技有限公司', '150-500人', '大专', 'python实训项目经理', '全职', '20k-40k', '5-10年']
['上海', '上海脉策数据科技有限公司', '50-150人', '本科', 'Python开发工程师实习生', '实习', '3k-6k', '应届毕业生']
['北京', '广州汇量信息科技有限公司', '500-2000人', '本科', '后端开发工程师（GO/C++/Python）', '全职', '20k-30k', '3-5年']
['南京', '南京恒悦信息技术有限公司', '15-50人', '大专', '数据产品经理（会SQL、Python优先）', '全职', '10k-20k', '3-5年']
['成都', '北京传奇极客管理咨询有限公司', '50-150人', '本科', '后端研发工程师（ Python ）', '全职', '8k-10k', '1-3年']
['上海', '光之树（北京）科技有限公司', '15-50人', '本科', 'Python实习生', '实习', '5k-7k', '应届毕业生']
['北京', '爱笔（北京）智能科技有限公司', '150-500人', '本科', '大数据基础架构工程师（python）', '全职', '20k-40k', '3-5年']
['北京', '北京能量盒科技有限公司上海分公司', '500-2000人', '本科', 'python数据开发工程师', '全职', '15k-25k', '1-3年']
['重庆', '重庆光棱科技有限公司', '15-50人', '本科', 'python后端', '全职', '6k-10k', '1年以下']
['上海', '上海海钻网络科技有限公司', '15-50人', '本科', 'Python后端工程师', '全职', '20k-35k', '3-5年']
['上海', '上海量锐信息科技有限公司', '50-150人', '本科', '核心Python开发工程师', '全职', '13k-16k', '1-3年']
['北京', '梅卡曼德（北京）机器人科技有限公司', '150-500人', '硕士', '软件工程师(Python)', '全职', '20k-35k', '1-3年']
['广州', '威讯柏睿数据科技（北京）有限公司', '50-150人', '本科', 'python开发工程师（应届亦可）', '全职', '8k-15k', '不限']
['上海', '北京字节跳动科技有限公司', '2000人以上', '本科', 'Python工程师(大数据方向）', '全职', '25k-40k', '3-5年']
['武汉', '北京旷视科技有限公司', '500-2000人', '本科', '后端开发工程师(Python/Golang)', '全职', '15k-25k', '3-5年']
['广州', '网易（杭州）网络有限公司', '2000人以上', '本科', 'Python服务端开发工程师 - 游戏应用与平台发', '全职', '20k-40k', '1-3年']
['北京', '北京字节跳动科技有限公司', '2000人以上', '本科', 'Python开发工程师-财务报表平台', '全职', '20k-40k', '3-5年']
['北京', '北京传智播客教育科技有限公司', '500-2000人', '本科', 'Python讲师（Python Web方向）', '全职', '30k-50k', '5-10年']
['上海', '叽里呱啦文化传播（上海）有限公司', '500-2000人', '本科', '高级python开发工程师', '全职', '15k-30k', '3-5年']
['北京', '北京轻松筹网络科技有限公司', '500-2000人', '本科', 'python开发工程师（运维方向）-JS', '全职', '15k-25k', '3-5年']
['北京', '北京亿欧网盟科技有限公司', '150-500人', '本科', '资深python爬虫工程师', '全职', '20k-35k', '5-10年']
['重庆', '重庆博尼施科技有限公司', '15-50人', '本科', 'Python研发工程师', '全职', '7k-10k', '1-3年']
['上海', '开放智能机器（上海）有限公司', '50-150人', '本科', '云训练python开发工程师', '全职', '15k-25k', '3-5年']
['武汉', '武汉极意网络科技有限公司', '50-150人', '不限', 'Python（极验验证）', '全职', '9k-18k', '3-5年']
['杭州', '圆通速递有限公司', '2000人以上', '本科', 'Python开发工程师', '全职', '15k-30k', '3-5年']
['北京', '北京石云科技有限公司', '50-150人', '本科', 'Python/Ruby/Go', '全职', '13k-26k', '1-3年']
['广州', '有米科技股份有限公司', '150-500人', '本科', 'python后端工程师(J10588)', '全职', '10k-15k', '1-3年']
['北京', '克鲁（北京）网络科技有限公司', '50-150人', '本科', 'Python后端开发工程师', '全职', '20k-40k', '3-5年']
['成都', '成都京波科技有限公司', '15-50人', '本科', '高级python工程师', '全职', '10k-18k', '3-5年']
['上海', '北京字节跳动科技有限公司', '2000人以上', '本科', '高级Python开发工程师--抖音上海', '全职', '25k-50k', '3-5年']
['上海', '北京字节跳动科技有限公司', '2000人以上', '本科', 'Python开发实习生-短视频方向', '实习', '4k-8k', '不限']
['成都', '成都京波科技有限公司', '15-50人', '本科', '高级python爬虫工程师', '全职', '10k-18k', '3-5年']
['北京', '北京怡宝伟业商贸有限公司', '15-50人', '本科', 'Python全栈架构师', '全职', '50k-100k', '5-10年']
['北京', '北京罗威亚科技有限公司', '15-50人', '不限', 'Web全栈工程师（python）', '全职', '12k-18k', '1-3年']
['北京', '北京罗威亚科技有限公司', '15-50人', '本科', 'python攻城狮', '全职', '9k-15k', '1-3年']
['成都', '北京钰峰科技有限公司', '150-500人', '本科', '高级Python开发工程师', '全职', '10k-15k', '3-5年']
['深圳', '深圳点猫科技有限公司', '2000人以上', '本科', '课程设计（python）实习', '实习', '3k-4k', '应届毕业生']
['深圳', '深圳众禄基金销售股份有限公司', '150-500人', '本科', 'python（web）', '全职', '15k-25k', '3-5年']
['深圳', '深圳市悦动天下科技有限公司', '150-500人', '本科', 'python后台开发工程师', '全职', '15k-25k', '3-5年']
['杭州', '杭州览众数据科技有限公司', '150-500人', '本科', '后端工程师（Python方向）', '全职', '14k-25k', '3-5年']
['北京', '北京吾见众生科技有限公司', '少于15人', '本科', 'python后端', '全职', '20k-25k', '3-5年']
['北京', '北京国双科技有限公司', '500-2000人', '本科', 'Python/Go研发工程师', '全职', '10k-15k', '应届毕业生']
['北京', '北京旷视科技有限公司', '500-2000人', '本科', 'Python后端开发工程师', '全职', '25k-50k', '3-5年']
['深圳', '壁虎软件科技（深圳）有限公司', '15-50人', '本科', 'Python / Golang后端工程师', '全职', '16k-32k', '3-5年']
['深圳', '壁虎软件科技（深圳）有限公司', '15-50人', '本科', 'Python 后端工程师（实习）', '实习', '6k-12k', '应届毕业生']
['北京', '北京下厨房科技有限公司', '150-500人', '本科', 'Python开发实习生', '实习', '6k-7k', '应届毕业生']
['深圳', '达而观信息科技（上海）有限公司', '150-500人', '本科', '高级python开发工程师', '全职', '20k-30k', '3-5年']
['武汉', '武汉夜莺科技有限公司', '50-150人', '本科', '高级Python后端开发工程师', '全职', '16k-20k', '1-3年']
['上海', '上海邻我信息技术有限公司', '15-50人', '不限', 'python实习', '兼职', '2k-4k', '应届毕业生']
['北京', '武汉佰钧成技术有限责任公司', '2000人以上', '大专', 'python 开发运维', '全职', '12k-18k', '3-5年']
['南京', '图灵深视（南京）科技有限公司', '150-500人', '本科', 'Python后端开发', '全职', '15k-25k', '3-5年']
['北京', '北京蓝色光标数据科技股份有限公司', '500-2000人', '硕士', 'python实习生', '实习', '2k-4k', '应届毕业生']
['杭州', '杭州首新网络科技有限公司', '15-50人', '本科', 'python后端', '全职', '15k-25k', '3-5年']
['广州', '广东中思拓大数据研究院有限公司', '50-150人', '本科', '高级Python工程师', '全职', '13k-25k', '3-5年']
['深圳', '深圳量城科技有限公司', '少于15人', '本科', 'python', '全职', '15k-25k', '3-5年']
['深圳', '深圳市联合信通科技有限公司', '150-500人', '本科', 'Python后端工程师', '全职', '15k-25k', '3-5年']
['深圳', '深圳战吼网络科技有限公司', '15-50人', '本科', '【实习】游戏后台 C#/Python 开发', '实习', '3k-4k', '应届毕业生']
['深圳', '青岛特锐德电气股份有限公司', '2000人以上', '本科', 'Python自动化工程师', '全职', '15k-30k', '3-5年']
['北京', '北京饕餮互动信息科技有限公司', '15-50人', '本科', 'Python开发实习生', '实习', '3k-4k', '应届毕业生']
['深圳', '深圳汇翼信息科技有限公司', '少于15人', '本科', 'python工程师', '全职', '8k-16k', '不限']
['上海', '上海第一财经数据科技有限公司', '150-500人', '本科', '爬虫实习生（Python）', '实习', '2k-4k', '应届毕业生']
['深圳', '深圳市杰驰电子有限公司', '15-50人', '大专', '软件开发工程师（.Net,python）', '全职', '8k-12k', '1-3年']
['西安', '上海中软华腾软件系统有限公司', '2000人以上', '本科', 'python开发', '全职', '8k-13k', '1-3年']
['成都', '易宝软件科技（南京）有限公司', '150-500人', '本科', 'python开发', '全职', '10k-18k', '1-3年']
['上海', '上海担路网络科技有限公司', '15-50人', '本科', 'Python Web工程师', '全职', '7k-12k', '不限']
['上海', '上海担路网络科技有限公司', '15-50人', '本科', 'Python Web实习生', '实习', '4k-6k', '应届毕业生']
['成都', '成都市肆零肆网络科技有限公司', '50-150人', '本科', 'Python高级开发工程师', '全职', '10k-18k', '3-5年']
['上海', '上海询贸信息科技有限公司', '15-50人', '本科', 'python数据分析', '全职', '10k-15k', '1-3年']
['东莞', '广东堡塔安全技术有限公司', '15-50人', '大专', '高级python程序员', '全职', '15k-30k', '3-5年']
['北京', '京东世纪贸易有限公司', '2000人以上', '本科', 'python 高级工程师', '全职', '25k-50k', '5-10年']
['北京', '中国科学院信息工程研究所', '500-2000人', '本科', '物联网安全Python开发岗位', '全职', '7k-9k', '应届毕业生']
['深圳', '深圳市银河通信科技有限公司', '15-50人', '不限', 'python自动化测试工程师', '全职', '8k-13k', '应届毕业生']
['成都', '杭州深绘智能科技有限公司', '50-150人', '本科', 'python开发（实习岗位）', '实习', '3k-4k', '应届毕业生']
['武汉', '海搜科技（深圳）有限公司武汉分公司', '50-150人', '本科', 'python开发(工作地：北京朝阳区）', '全职', '18k-30k', '应届毕业生']
['深圳', '广州嘉为信息技术有限公司', '500-2000人', '本科', 'python开发工程师', '全职', '7k-13k', '1-3年']
['天津', '联合信用投资咨询有限公司', '50-150人', '本科', 'Python工程师 - 实习', '实习', '3k-4k', '不限']
['上海', '上海咔酷咔新能源科技有限公司', '15-50人', '本科', 'Python 后端工程师', '全职', '8k-15k', '1-3年']
['杭州', '浙江中建网络科技股份有限公司', '150-500人', '本科', 'python数据分析', '全职', '10k-15k', '3-5年']
['广州', '广州铂锐盛途科技有限公司', '50-150人', '大专', 'python开发工程师', '全职', '6k-9k', '1-3年']
['西安', '成都锐思卓创企业管理咨询有限公司', '50-150人', '本科', 'python发开工程师', '全职', '7k-10k', '1-3年']
['深圳', '深圳蒲公英农业科技有限公司', '150-500人', '本科', 'Python工程师', '全职', '15k-30k', '3-5年']
['上海', '苏州市软件评测中心有限公司', '500-2000人', '大专', 'python开发', '全职', '10k-14k', '1-3年']
['杭州', '浙江诺诺网络科技有限公司', '500-2000人', '本科', 'python工程师', '全职', '12k-18k', '不限']
['成都', '成都宽邦科技有限公司', '50-150人', '本科', 'python开发工程师', '全职', '8k-15k', '1-3年']
['上海', '互道信息技术（上海）有限公司', '50-150人', '本科', 'Python工程师', '全职', '13k-20k', '3-5年']
['上海', '黑龙江渡一信息技术开发有限公司', '50-150人', '本科', 'python数据分析', '全职', '20k-25k', '3-5年']
['广州', '广州铂锐盛途科技有限公司', '50-150人', '大专', 'Python开发工程师', '全职', '6k-9k', '1-3年']
['北京', '北京百家互联科技有限公司', '2000人以上', '本科', '资深Python/Go工程师', '全职', '30k-60k', '3-5年']
['上海', '北京市商汤科技开发有限公司', '2000人以上', '本科', '深度学习系统python开发工程师', '全职', '20k-40k', '不限']
['上海', '上海思勰投资管理有限公司', '15-50人', '本科', 'python开发工程师', '全职', '10k-20k', '不限']
['杭州', '执鼎医疗科技（杭州）有限公司', '50-150人', '本科', 'python开发', '全职', '10k-15k', '3-5年']
['杭州', '杭州明象科技有限公司', '15-50人', '本科', 'python开发工程师', '全职', '8k-16k', '3-5年']
['贵阳', '贵州电子商务云运营有限责任公司', '50-150人', '本科', 'python工程师', '全职', '6k-12k', '不限']
['广州', '淮安钱鹿网络科技有限公司', '15-50人', '本科', 'Python开发工程师', '全职', '10k-18k', '1-3年']
['广州', '广州锦行网络科技有限公司', '15-50人', '大专', 'python开发工程师', '全职', '6k-8k', '不限']
['上海', '叽里呱啦文化传播（上海）有限公司', '500-2000人', '本科', 'python开发工程师', '全职', '15k-30k', '1-3年']
['广州', '广州视源电子科技股份有限公司', '2000人以上', '本科', 'python', '全职', '15k-25k', '3-5年']
['湖州', '成都微银合创科技有限公司', '15-50人', '本科', 'Python开发工程师', '全职', '5k-8k', '应届毕业生']
['深圳', '衍生（深圳）投资基金管理有限公司', '15-50人', '本科', 'python开发工程师', '全职', '10k-20k', '3-5年']
['上海', '上海微创软件股份有限公司', '2000人以上', '本科', 'python开发工程师', '全职', '10k-15k', '1-3年']
['深圳', '深圳天垚艺游网络科技有限公司', '15-50人', '本科', 'python开发', '全职', '16k-30k', '3-5年']
['上海', '特赞（上海）信息科技有限公司', '150-500人', '本科', 'Python开发工程师', '全职', '20k-30k', '3-5年']
['上海', '特赞（上海）信息科技有限公司', '150-500人', '本科', 'Python', '全职', '20k-30k', '3-5年']
['北京', '外语教学与研究出版社有限责任公司', '500-2000人', '本科', 'python开发工程师', '全职', '20k-30k', '3-5年']
['成都', '成都择维士科技有限公司', '少于15人', '本科', 'Python开发工程师', '全职', '10k-15k', '3-5年']
['广州', '广东碧桂园物业服务股份有限公司', '2000人以上', '本科', 'python工程师', '全职', '15k-20k', '3-5年']
['南京', '上海中软华腾软件系统有限公司', '2000人以上', '本科', 'python爬虫', '全职', '13k-22k', '3-5年']
['广州', '青岛英联艺术传媒有限公司', '50-150人', '本科', 'Python高级开发工程师', '全职', '15k-26k', '3-5年']
['杭州', '杭州涂鸦信息技术有限公司', '500-2000人', '本科', 'python工程师（偏NLP方向）', '全职', '15k-30k', '3-5年']
['北京', '畅游无限信息技术（北京）有限公司', '少于15人', '本科', 'python', '全职', '15k-30k', '3-5年']
['西安', '西安鼎拓信息科技有限公司', '50-150人', '大专', 'python', '全职', '5k-10k', '不限']
['西安', '西安鼎拓信息科技有限公司', '50-150人', '不限', 'python', '全职', '6k-12k', '1-3年']
['深圳', '深圳市易博天下科技有限公司', '150-500人', '本科', 'Python高级开发工程师', '全职', '18k-25k', '5-10年']
['西安', '西安华为技术有限公司', '2000人以上', '不限', 'python软件开发工程师', '全职', '13k-26k', '不限']
['杭州', '浙江力太工业互联网有限公司', '150-500人', '本科', 'python开发工程师', '全职', '13k-20k', '3-5年']
['西安', '腾讯科技（深圳）有限公司', '2000人以上', '本科', '云网络后台Python(腾讯云全资子公司)（西安）', '全职', '10k-20k', '1-3年']
['北京', '盒你一起（北京）科技有限公司', '150-500人', '本科', 'Python工程师', '全职', '15k-20k', '3-5年']
['北京', '华风象辑（北京）气象科技有限公司', '50-150人', '本科', 'python 开发工程师', '全职', '20k-30k', '3-5年']
['北京', '华风象辑（北京）气象科技有限公司', '50-150人', '本科', 'python 开发工程师', '全职', '15k-25k', '1-3年']
['北京', '宁波平方和投资管理合伙企业（有限合伙）', '15-50人', '本科', 'python开发工程师', '全职', '10k-15k', '1-3年']
['上海', '易居企业（中国）集团有限公司', '500-2000人', '本科', 'Python爬虫工程师', '全职', '10k-20k', '3-5年']
['深圳', '深圳虾皮信息科技有限公司', '2000人以上', '本科', 'Python后端开发工程师', '全职', '20k-40k', '5-10年']
['贵阳', '贵阳高登世德金融科技有限公司', '50-150人', '本科', 'Python开发工程师（贵阳）', '全职', '7k-12k', '3-5年']
['武汉', '贵阳高登世德金融科技有限公司', '50-150人', '本科', '金融数据Python开发工程师（武汉）', '全职', '8k-15k', '1-3年']
['西安', '西安数拓网络科技有限公司', '50-150人', '本科', 'Python工程师', '全职', '7k-14k', '3-5年']
['长沙', '湖南逻辑教育科技有限公司', '15-50人', '大专', 'python', '全职', '5k-7k', '1-3年']
['无锡', '无锡乐骐科技有限公司', '50-150人', '本科', 'python开发工程师', '全职', '6k-10k', '不限']
['北京', '玖富数科科技集团有限责任公司', '2000人以上', '本科', 'python工程师', '全职', '15k-25k', '1-3年']
['北京', '北京猿力未来科技有限公司', '2000人以上', '本科', '编程讲师（python系统班）', '全职', '15k-20k', '1-3年']
['广州', '广州视源电子科技股份有限公司', '2000人以上', '本科', 'python后端', '全职', '13k-25k', '1-3年']
['深圳', '华世界科技（深圳）有限公司', '50-150人', '本科', 'python高级开发工程师', '全职', '15k-25k', '3-5年']
['北京', '北京猿力未来科技有限公司', '2000人以上', '本科', 'python教研', '全职', '15k-25k', '不限']
['上海', '上海寰享网络科技有限公司', '15-50人', '大专', 'Python中级/Odoo开发', '全职', '10k-15k', '1-3年']
['深圳', '广西阿里发房地产开发有限公司', '150-500人', '本科', 'Python工程师', '全职', '15k-25k', '3-5年']
['北京', '中国电信股份有限公司云计算分公司', '500-2000人', '本科', '高级后端开发工程师（Python）0419', '全职', '18k-35k', '5-10年']
['北京', '中国电信股份有限公司云计算分公司', '500-2000人', '本科', '高级后端开发工程师（Python）0419', '全职', '18k-35k', '5-10年']
['上海', '上海品览数据科技有限公司', '50-150人', '本科', 'Python后端开发', '全职', '13k-18k', '1-3年']
['北京', '北京传智播客教育科技有限公司', '500-2000人', '本科', 'Python课程研究员(J12249)', '全职', '25k-50k', '3-5年']
['北京', '北京自如生活企业管理有限公司', '2000人以上', '本科', 'Python实习生', '实习', '3k-5k', '应届毕业生']
['深圳', '深圳市圆代码互联网有限公司', '少于15人', '硕士', 'python开发工程师', '全职', '10k-20k', '1-3年']
['北京', '北京深尚科技有限公司', '15-50人', '本科', 'Python开发校招', '全职', '10k-16k', '应届毕业生']
['北京', '泰康健康产业投资控股有限公司', '2000人以上', '本科', 'Python开发工程师经理', '全职', '15k-30k', '5-10年']
['北京', '北京云英传奇技术有限公司', '50-150人', '本科', 'python研发工程师', '全职', '15k-25k', '1-3年']
['成都', '成都新希望金融科技有限公司', '150-500人', '本科', '后台开发岗（python）G00188', '全职', '15k-25k', '3-5年']
['成都', '成都新希望金融科技有限公司', '150-500人', '本科', '后台研发工程师（go/Python）G00126', '全职', '8k-11k', '不限']
['天津', '天津英才酷信息科技有限公司', '500-2000人', '本科', 'Python全栈开发', '全职', '15k-25k', '3-5年']
['北京', '北京新意互动数字技术有限公司', '500-2000人', '本科', '高级Python开发工程师', '全职', '18k-36k', '3-5年']
['上海', '上海万向区块链股份公司', '150-500人', '本科', 'Python高级工程师', '全职', '15k-30k', '5-10年']
['大连', '大连华小讯科技有限公司', '150-500人', '不限', '日语python软件开发工程师', '全职', '12k-24k', '应届毕业生']
['深圳', '广东科达洁能股份有限公司', '2000人以上', '本科', 'Python开发工程师（WEB方向）', '全职', '8k-15k', '3-5年']
['西安', '北京宝兰德软件股份有限公司', '150-500人', '本科', 'python后端', '全职', '15k-25k', '3-5年']
['西安', '北京宝兰德软件股份有限公司', '150-500人', '大专', 'Python高级开发（分布式系统）', '全职', '15k-30k', '不限']
['上海', '上海乐言信息科技有限公司', '500-2000人', '本科', 'Python工程师（初中高级别）', '全职', '15k-30k', '不限']
['北京', '北京标志照明设计有限公司', '50-150人', '本科', 'C++/Python研发工程师', '全职', '20k-30k', '1-3年']
['北京', '江苏新梯度物联科技有限公司', '50-150人', '本科', '后端工程师golang/PHP/python', '全职', '30k-60k', '3-5年']
['上海', '翼健（上海）信息科技有限公司', '50-150人', '本科', 'Python数据研发工程师', '全职', '12k-20k', '3-5年']
['北京', '许昌北邮万联网络技术有限公司', '50-150人', '本科', '高级python', '全职', '20k-35k', '5-10年']
['上海', '上海晓途网络科技有限公司', '150-500人', '本科', 'Python开发工程师 (MJ000124)', '全职', '15k-30k', '3-5年']
['上海', '上海壹佰米网络科技有限公司', '2000人以上', '本科', 'Python开发工程师(J10667)', '全职', '16k-26k', '1-3年']
['杭州', '杭州易光科技有限公司', '50-150人', '本科', 'python后端', '全职', '8k-13k', '1-3年']
['济南', '浪潮通用软件有限公司', '500-2000人', '本科', 'Python开发工程师', '全职', '10k-17k', '3-5年']
['成都', '北京鼎润达信息技术有限公司', '50-150人', '本科', 'python（odoo)开发工程师', '全职', '10k-20k', '3-5年']
['深圳', '浪潮通用软件有限公司', '500-2000人', '本科', 'python开发工程师', '全职', '12k-20k', '3-5年']
['上海', '力扣信息科技（上海）有限公司', '15-50人', '本科', '资深 Python 后端开发工程师', '全职', '20k-40k', '5-10年']
['上海', '互道信息技术（上海）有限公司', '50-150人', '本科', 'Python高级开发工程师', '全职', '20k-40k', '5-10年']
['南京', '南京赛宁信息技术有限公司', '50-150人', '本科', '中高级python开发工程师', '全职', '10k-20k', '3-5年']
['上海', '江苏传智播客教育科技股份有限公司上海分公司', '150-500人', '本科', 'Python数据挖掘讲师', '全职', '25k-40k', '3-5年']
['上海', '上海唯一视觉企业发展有限公司', '2000人以上', '大专', 'Python大数据开发', '全职', '12k-20k', '3-5年']
['深圳', '青牛智胜（深圳）科技有限公司', '50-150人', '本科', '高级Python开发工程师', '全职', '18k-25k', '3-5年']
['杭州', '无码科技（杭州）有限公司', '15-50人', '不限', 'Python 工程师', '全职', '12k-24k', '1-3年']
['上海', '恒拓开源信息科技股份有限公司广州分公司', '500-2000人', '本科', 'Python工程师（东航）', '全职', '12k-17k', '3-5年']
['广州', '广州德利信息科技有限公司', '少于15人', '本科', 'Python开发工程师', '全职', '20k-40k', '5-10年']
['武汉', '武汉夜莺科技有限公司', '50-150人', '本科', 'python后端研发工程师', '全职', '8k-12k', '1-3年']
['广州', '广州创拓信息科技有限公司', '50-150人', '大专', 'Python程序员学徒', '全职', '2k-3k', '不限']
['广州', '广州创拓信息科技有限公司', '50-150人', '本科', 'Python程序员学徒', '实习', '2k-3k', '应届毕业生']
['北京', '秒针信息技术有限公司', '2000人以上', '本科', '算法工程师（Python）', '全职', '25k-40k', '3-5年']
['北京', '爱因互动科技发展（北京）有限公司', '15-50人', '本科', 'Python 开发工程师', '全职', '15k-25k', '1-3年']
['深圳', '深圳米筐科技有限公司', '50-150人', '本科', '高级python研发工程师 开发工程师', '全职', '15k-25k', '3-5年']
['广州', '闻客信息（深圳）有限公司', '15-50人', '本科', 'Python爬虫开发工程师', '全职', '10k-15k', '1-3年']
['广州', '闻客信息（深圳）有限公司', '15-50人', '本科', 'Python爬虫开发工程师', '全职', '10k-15k', '1-3年']
['广州', '广州潮钠信息科技有限公司', '少于15人', '本科', '后端开发架构师（PHP、PYTHON）', '全职', '3k-6k', '应届毕业生']
['上海', '上海鲲梦信息科技有限公司', '50-150人', '本科', 'python技术专家', '全职', '22k-27k', '5-10年']
['北京', '北京卓越易升科技有限公司', '15-50人', '本科', 'Python工程师【英语】', '全职', '6k-10k', '1年以下']
['北京', '北京神州绿盟信息安全科技股份有限公司', '500-2000人', '本科', 'Python研发工程师', '全职', '13k-25k', '3-5年']
['上海', '叽里呱啦文化传播（上海）有限公司', '500-2000人', '本科', '高级Python开发工程师', '全职', '20k-35k', '3-5年']
['深圳', '深圳市易新速科技有限公司', '少于15人', '本科', 'Python软件工程师(实习岗位)', '全职', '4k-6k', '应届毕业生']
['成都', '成都人人智选科技有限公司', '50-150人', '不限', 'python实习', '全职', '2k-3k', '不限']
['深圳', '深圳市恺雷科技有限公司', '50-150人', '本科', 'python数据', '全职', '25k-35k', '1-3年']
['北京', '北京传智播客教育科技有限公司', '500-2000人', '本科', 'python专家(J12716)', '全职', '50k-70k', '10年以上']
['北京', '北京新意互动数字技术有限公司', '500-2000人', '本科', '中高级Python开发工程师', '全职', '15k-25k', '不限']
['深圳', 'SPEED TECHNOLOGY LIMITED', '150-500人', '本科', 'Python 爬虫实习生', '实习', '5k-8k', '应届毕业生']
['北京', '北京阿姨多多网络科技有限公司', '少于15人', '本科', 'python 实习生', '实习', '3k-5k', '应届毕业生']
['上海', '上海闵行区青悦环保信息技术服务中心', '少于15人', '大专', 'python实习开发工程师', '实习', '3k-5k', '应届毕业生']
['上海', '百联全渠道电子商务有限公司', '500-2000人', '大专', 'Python全栈工程师', '全职', '11k-20k', '3-5年']
['上海', '耘智信息科技（上海）有限公司', '15-50人', '本科', 'Django/Python/后端开发', '全职', '20k-35k', '3-5年']
['北京', '北京瑞莱智慧科技有限公司', '15-50人', '本科', '后端开发（Python）', '全职', '20k-35k', '5-10年']
['厦门', '厦门微赛网络科技有限公司', '15-50人', '本科', 'Python高级后端开发工程师', '全职', '12k-16k', '3-5年']
['苏州', '天聚地合（苏州）数据股份有限公司', '50-150人', '本科', 'Python开发工程师', '全职', '10k-20k', '3-5年']
['上海', '上海宝尊电子商务有限公司', '2000人以上', '本科', '数据专家-Python', '全职', '15k-25k', '5-10年']
['郑州', '郑州知己网络科技有限公司', '150-500人', '本科', 'Python工程师', '全职', '11k-20k', '3-5年']
['重庆', '成都小盼科技信息服务有限公司', '500-2000人', '本科', 'python开发工程师', '全职', '9k-13k', '1-3年']
['广州', '广州超悦文化科技有限公司', '少于15人', '大专', 'python后端', '全职', '3k-6k', '不限']
['杭州', '杭州博彦信息技术有限公司', '2000人以上', '本科', 'python开发（电话面试）', '全职', '12k-24k', '1-3年']
['重庆', '重庆椿江科技有限公司', '15-50人', '不限', 'python爬虫', '全职', '7k-10k', '3-5年']
['上海', '上海万向区块链股份公司', '150-500人', '本科', 'python高级工程师', '全职', '15k-30k', '3-5年']
['武汉', '武汉朱雀闻天科技有限公司', '15-50人', '本科', 'Python开发工程师', '全职', '8k-12k', '1-3年']
['北京', '中铁信弘远（北京）软件科技有限责任公司', '150-500人', '本科', 'python开发工程师', '全职', '10k-15k', '1-3年']
['深圳', '武汉佰钧成技术有限责任公司深圳分公司', '2000人以上', '本科', 'python', '全职', '12k-18k', '1-3年']
['上海', '米思米（中国）精密机械贸易有限公司', '500-2000人', '本科', 'python开发工程师', '全职', '14k-18k', '1-3年']
['上海', '杭州轻触科技有限公司', '15-50人', '本科', 'Python开发工程师', '全职', '12k-16k', '3-5年']
['深圳', '广州亚乐恒网络科技有限公司', '50-150人', '硕士', 'Python 开发工程师_高级', '全职', '25k-27k', '3-5年']
['杭州', '杭州木链物联网科技有限公司', '50-150人', '硕士', '后端Python工程师', '全职', '12k-24k', '1-3年']
['上海', '上海卿钊互联网科技有限公司', '少于15人', '不限', 'python', '兼职', '1k-2k', '3-5年']
['深圳', '深圳市财盈通科技有限公司', '150-500人', '本科', 'Python爬虫工程师', '全职', '8k-15k', '1-3年']
['深圳', '深圳市观麦网络科技有限公司', '150-500人', '本科', 'python后台开发工程师', '全职', '10k-18k', '1-3年']
['杭州', '杭州木链物联网科技有限公司', '50-150人', '硕士', '后端Python', '全职', '12k-24k', '1-3年']
['北京', '数聚变(北京)科技有限公司', '15-50人', '本科', 'python实习生', '实习', '3k-6k', '应届毕业生']
['郑州', '湖北凯美能源技术有限公司', '50-150人', '本科', '后端开发（c++/python）', '全职', '10k-20k', '不限']
['北京', '深圳码隆科技有限公司', '50-150人', '本科', 'Python Web全栈研发实习生', '全职', '4k-5k', '应届毕业生']
['深圳', '厦门美图之家科技有限公司', '2000人以上', '本科', 'Python高级开发工程师-深圳', '全职', '16k-30k', '3-5年']
['厦门', '厦门云脉技术有限公司', '50-150人', '不限', 'C/C++/python实习生', '实习', '2k-3k', '应届毕业生']
['北京', '北京万千道管理咨询有限公司', '15-50人', '本科', 'python爬虫', '全职', '15k-30k', '3-5年']
['长沙', '湖南省零檬信息技术有限公司', '15-50人', '本科', 'PYTHON自动化测试讲师', '全职', '15k-20k', '5-10年']
['石家庄', '河北趣行计算机技术有限公司', '15-50人', '本科', 'python工程师', '全职', '6k-10k', '1-3年']
['广州', '广州易度网络信息有限公司', '15-50人', '不限', 'Python开发工程师', '全职', '6k-12k', '应届毕业生']
['武汉', '武汉小果科技有限公司', '50-150人', '本科', '高级 Python 后端开发工程师', '全职', '25k-30k', '5-10年']
['南京', '北京小米科技有限责任公司', '2000人以上', '本科', 'python开发', '全职', '20k-30k', '5-10年']
['深圳', '深圳市菲凡数据科技有限公司', '50-150人', '本科', '高级python爬虫工程师', '全职', '15k-25k', '3-5年']
['深圳', '深圳市菲凡数据科技有限公司', '50-150人', '大专', 'Python爬虫工程师', '全职', '10k-20k', '1-3年']
['杭州', '杭州美登科技股份有限公司', '15-50人', '本科', 'python研发工程师', '全职', '15k-30k', '1-3年']
['深圳', '深圳市鑫贝帝科技有限公司', '150-500人', '本科', 'python数据工程师', '全职', '10k-20k', '3-5年']
['北京', '北京京东世纪贸易有限公司', '2000人以上', '本科', 'openstack研发工程师/架构（Python）', '全职', '25k-50k', '5-10年']
['北京', '北京亿欧网盟科技有限公司', '150-500人', '本科', '资深python爬虫工程师', '全职', '10k-20k', '3-5年']
['深圳', '深圳市爱砂电子商务有限公司', '50-150人', '本科', 'python后端', '全职', '15k-20k', '3-5年']
['南京', '江苏南大数码科技有限公司', '15-50人', '本科', 'python开发工程师', '全职', '12k-17k', '3-5年']
['广州', '拉勾猎头', '500-2000人', '本科', '分布式存储研发工程师（python\\c++\\go)', '全职', '15k-30k', '1-3年']
['广州', '拉勾猎头', '500-2000人', '本科', '手游客户端开发（python/c++/c#）', '全职', '15k-25k', '1-3年']
['北京', '飞维美地信息技术（北京）有限公司', '500-2000人', '本科', 'Lead Go/Python/Java工程师', '全职', '35k-45k', '5-10年']
['北京', '飞维美地信息技术（北京）有限公司', '500-2000人', '本科', '资深Java/Python/C#/PHP开发', '全职', '27k-36k', '3-5年']
['杭州', '杭州木链物联网科技有限公司', '50-150人', '不限', 'python实习', '实习', '4k-8k', '应届毕业生']
['长沙', '长沙食享网络科技有限公司', '50-150人', '大专', 'python开发', '全职', '8k-12k', '3-5年']
['绍兴', '北京云英传奇技术有限公司', '50-150人', '本科', 'Python研发工程师【应届/社招】', '全职', '12k-24k', '不限']
['北京', '北京云英传奇技术有限公司', '50-150人', '本科', 'Python研发工程师', '全职', '12k-24k', '不限']
['成都', '成都知道创宇信息技术有限公司', '500-2000人', '本科', 'Python后端开发', '全职', '8k-10k', '1-3年']
['贵阳', '贵州帝光网络科技有限公司', '少于15人', '本科', 'python工程师', '全职', '10k-16k', '3-5年']
['广州', '广州微宽信息技术有限公司', '15-50人', '大专', 'Python工程师', '全职', '10k-15k', '1-3年']
['成都', '智予成医疗科技成都有限公司', '15-50人', '不限', '中、高级后端开发工程师（Java+python）', '全职', '12k-24k', '3-5年']
['西安', '敏弈金融工程有限公司', '50-150人', '本科', 'Python开发工程师', '全职', '6k-11k', '3-5年']
['上海', '魔珐（上海）信息科技有限公司', '50-150人', '本科', 'Python开发工程师', '全职', '18k-30k', '3-5年']
['上海', '魔珐（上海）信息科技有限公司', '50-150人', '本科', 'python开发工程师', '全职', '15k-28k', '3-5年']
['青岛', '北京值得买科技股份有限公司', '500-2000人', '大专', 'Python开发工程师', '全职', '8k-15k', '3-5年']
['广州', '广州字言智语科技有限公司', '少于15人', '不限', 'python工程师', '兼职', '1k-2k', '应届毕业生']
['上海', '曜科智能科技（上海）有限公司', '15-50人', '本科', 'Python开发工程师', '全职', '10k-20k', '不限']
['杭州', '杭州华为企业通信技术有限公司', '2000人以上', '本科', '华为云开发C/java/python工程师', '全职', '20k-40k', '不限']
['武汉', '武汉小果科技有限公司', '50-150人', '本科', 'python后端', '全职', '9k-16k', '应届毕业生']
['深圳', '深信服科技股份有限公司', '2000人以上', '本科', 'python开发工程师', '全职', '15k-25k', '1-3年']
['南京', '南京电子工程研究所（中国电子科技集团公司第二十八研究所）', '2000人以上', '硕士', 'java开发、C++开发、python、数据库', '全职', '10k-20k', '1-3年']
['北京', '玖富数科科技集团有限责任公司', '2000人以上', '不限', 'Python工程师', '全职', '15k-25k', '3-5年']
['长沙', '湖南智圭谷信息技术咨询服务有限公司', '15-50人', '大专', 'Python讲师', '全职', '8k-15k', '3-5年']
['北京', '一点网聚科技有限公司', '500-2000人', '本科', 'python工程师', '全职', '15k-30k', '应届毕业生']
['北京', '一点网聚科技有限公司', '500-2000人', '本科', 'python工程师', '实习', '20k-30k', '应届毕业生']
['广州', '广州英荔教育科技有限公司', '50-150人', '本科', 'Python高级软件工程师', '全职', '9k-18k', '1-3年']
['成都', '成都快师傅科技有限公司', '50-150人', '不限', 'python后端', '全职', '6k-10k', '应届毕业生']
['天津', '联合赤道环境评价有限公司', '50-150人', '大专', 'Python爬虫实习生', '实习', '1k-2k', '应届毕业生']
['深圳', '深圳华制智能制造技术有限公司', '150-500人', '本科', 'python开发工程师', '全职', '10k-20k', '3-5年']
['北京', '北京易启跑科技有限公司', '少于15人', '本科', 'python实习', '实习', '2k-3k', '应届毕业生']
['广州', '广州天锐医健信息科技有限公司', '50-150人', '大专', 'python开发', '全职', '6k-9k', '1-3年']
['北京', '达内时代科技集团有限公司', '2000人以上', '本科', 'python助理讲师', '全职', '8k-12k', '不限']
['北京', '达内时代科技集团有限公司', '2000人以上', '本科', 'python讲师', '全职', '20k-35k', '5-10年']
['北京', '在线途游（北京）科技有限公司', '150-500人', '本科', 'python后端开发工程师', '全职', '20k-40k', '3-5年']
['苏州', '中移（苏州）软件技术有限公司', '500-2000人', '本科', '安全研发工程师(python/C)(J10793)', '全职', '20k-30k', '3-5年']
['苏州', '中移（苏州）软件技术有限公司', '500-2000人', '本科', 'Python开发工程师(J10004)', '全职', '15k-25k', '1-3年']
['上海', '上海华钦信息科技股份有限公司', '500-2000人', '本科', 'python开发', '全职', '12k-20k', '3-5年']
['长沙', '中通服创发科技有限责任公司', '150-500人', '本科', 'Python开发人员', '全职', '6k-10k', '3-5年']
['广州', '广东宜华信息科技有限公司', '150-500人', '不限', '中级Python开发', '全职', '10k-20k', '3-5年']
['上海', '上海仑动科技有限公司', '少于15人', '不限', 'Python开发工程师', '全职', '5k-10k', '应届毕业生']
['北京', '北京智蓝云信科技有限公司', '150-500人', '本科', 'python', '全职', '12k-20k', '5-10年']
['武汉', '武汉屺郁科技有限公司', '少于15人', '本科', 'python开发', '全职', '7k-10k', '3-5年']
['重庆', '重庆铭德塑淘网络科技有限公司', '15-50人', '本科', 'Python开发工程师', '全职', '7k-13k', '1-3年']
['北京', '北京视野金融信息服务有限公司', '50-150人', '本科', 'python开发工程师', '全职', '15k-25k', '3-5年']
['北京', '北京掌控世代科技有限公司', '15-50人', '本科', 'Python开发工程师', '全职', '15k-30k', '3-5年']
['北京', '北京盛大创展科技有限公司', '少于15人', '本科', 'python开发工程师', '全职', '15k-25k', '3-5年']
['深圳', '深圳市中联创新自控系统有限公司', '150-500人', '本科', '高级后端研发工程师(node/python)', '全职', '18k-30k', '3-5年']
['北京', '北京格上添富科技发展有限公司', '150-500人', '本科', 'Python研发工程师', '全职', '17k-34k', '5-10年']
['西安', '西安天机算数据技术有限公司', '少于15人', '本科', 'python', '全职', '10k-15k', '3-5年']
['武汉', '武汉乐谷在线科技有限公司', '50-150人', '大专', 'Python开发工程师', '全职', '6k-12k', '1-3年']
['北京', '北京龙腾育才科技有限公司', '15-50人', '不限', 'python讲师', '兼职', '10k-15k', '5-10年']
['北京', '北京蓝色光标数字传媒科技有限公司', '500-2000人', '本科', 'python', '全职', '12k-20k', '3-5年']
['杭州', '易宝软件科技（南京）有限公司', '150-500人', '本科', 'Python开发工程师', '全职', '10k-20k', '1-3年']
['成都', '易宝软件科技（南京）有限公司', '150-500人', '本科', 'python开发', '全职', '10k-14k', '1-3年']
['北京', '六度云计算有限公司北京分公司', '50-150人', '本科', 'python软件工程师', '全职', '13k-25k', '3-5年']
['北京', '在线途游（北京）科技有限公司', '150-500人', '本科', 'python开发工程师', '全职', '10k-15k', '1-3年']
['深圳', '北京传智播客教育科技有限公司', '500-2000人', '本科', 'python人工智能讲师', '全职', '30k-50k', '3-5年']
['上海', '普华永道信息技术（上海）有限公司', '500-2000人', '本科', 'python开发工程师', '全职', '13k-22k', '3-5年']
['北京', '北京小刀万维科技有限公司', '少于15人', '本科', 'python开发主管', '全职', '18k-30k', '3-5年']
['上海', '上海江煦信息科技有限公司', '15-50人', '本科', 'python 算法工程师', '全职', '5k-10k', '1-3年']
['成都', '微入（上海）商贸有限公司', '15-50人', '本科', 'python开发工程师', '全职', '10k-15k', '1-3年']
['北京', '中铁信弘远（北京）软件科技有限责任公司', '150-500人', '本科', 'Python高级开发工程师', '全职', '20k-35k', '5-10年']
['长沙', '湖南探球网络科技有限公司', '50-150人', '大专', 'Python开发工程师', '全职', '9k-18k', '3-5年']
['重庆', '重庆撼地大数据有限公司', '少于15人', '本科', '资深python', '全职', '12k-20k', '5-10年']
['上海', '诺贝尔曼（上海）商业投资管理有限公司', '15-50人', '硕士', 'python开发工程师', '兼职', '6k-10k', '不限']
['青岛', '青岛思普润水处理股份有限公司', '150-500人', '本科', '高级python工程师', '全职', '12k-20k', '3-5年']
['深圳', '深圳澳谷智能科技有限公司', '15-50人', '本科', '高级Python软件工程师', '全职', '20k-40k', '3-5年']
['深圳', '智言科技(深圳)有限公司', '50-150人', '本科', 'Python开发工程师', '全职', '10k-20k', '3-5年']
['深圳', '深圳市中创华安科技有限公司', '50-150人', '本科', 'Python开发工程师', '全职', '10k-20k', '3-5年']
['武汉', '北京乐在指尖科技有限公司', '150-500人', '大专', 'python工程师（数据入库清洗处理）', '全职', '6k-9k', '1-3年']
['武汉', '北京乐在指尖科技有限公司', '150-500人', '大专', '数据处理工程师（python方向-武汉）', '全职', '6k-9k', '1年以下']
['深圳', '深圳市有为信息技术发展有限公司', '500-2000人', '本科', 'Python', '全职', '10k-20k', '3-5年']
['西安', '江苏润和软件股份有限公司', '2000人以上', '本科', 'python', '全职', '9k-15k', '3-5年']
['西安', '江苏润和软件股份有限公司', '2000人以上', '本科', 'Python开发工程师', '全职', '8k-15k', '1-3年']
['深圳', '智牛数字科技（广州）有限公司', '500-2000人', '本科', 'python开发工程师', '全职', '15k-25k', '3-5年']
['广州', '广州迈步网络技术有限公司', '150-500人', '不限', 'Python开发工程师', '全职', '15k-25k', '3-5年']
['广州', '广州迈步网络技术有限公司', '150-500人', '本科', 'Python开发工程师', '全职', '16k-28k', '3-5年']
['杭州', '杭州嘉云数据科技有限公司', '500-2000人', '本科', 'python开发工程师', '全职', '20k-40k', '3-5年']
['北京', '红帽软件（北京）有限公司', '500-2000人', '本科', 'Python开发工程师', '全职', '17k-25k', '3-5年']
['上海', '上海宸安生物科技有限公司', '50-150人', '本科', 'python工程师', '全职', '12k-18k', '1-3年']
['上海', '上海有个机器人有限公司', '50-150人', '本科', 'Python开发工程师', '全职', '20k-30k', '3-5年']
['北京', '北京创锐文化传媒有限公司', '2000人以上', '本科', 'python开发工程师', '全职', '15k-30k', '3-5年']
['苏州', '苏州东湾信息科技有限公司', '50-150人', '本科', 'Python工程师', '全职', '10k-20k', '1-3年']
['北京', '非凡维格（北京）信息科技有限公司', '15-50人', '本科', 'python开发工程师', '全职', '15k-30k', '1-3年']
['上海', '黑龙江渡一信息技术开发有限公司', '50-150人', '本科', 'python开发讲师', '全职', '15k-25k', '1-3年']
['杭州', '华为技术有限公司', '2000人以上', '本科', 'python开发', '全职', '15k-25k', '3-5年']
['上海', '必萤信息科技（上海）有限公司', '15-50人', '本科', 'Python工程师', '全职', '8k-13k', '不限']
['西安', '上海易宝软件有限公司深圳分公司', '150-500人', '本科', 'python开发工程师', '全职', '8k-15k', '1-3年']
['杭州', '杭州淘爵网络科技有限公司', '15-50人', '大专', 'python web开发工程师', '全职', '10k-15k', '1-3年']
['深圳', '深圳如一探索科技有限公司', '50-150人', '本科', 'python开发工程师', '全职', '10k-20k', '3-5年']
['上海', '上海媒智科技有限公司', '15-50人', '本科', 'Python 后台开发工程师', '全职', '15k-25k', '3-5年']
['南京', '南京华恩信息技术有限公司', '50-150人', '本科', 'Python建模人员', '全职', '10k-20k', '3-5年']
['杭州', '杭州康晟健康管理咨询有限公司', '500-2000人', '不限', 'Python开发工程师 (MJ000019)', '全职', '20k-25k', '3-5年']
['上海', '上海驻云信息科技有限公司', '150-500人', '本科', 'python开发工程师(J10421)', '全职', '12k-18k', '3-5年']
['北京', '北京倍飞视国际视觉艺术交流有限公司', '150-500人', '本科', 'Python程序员', '全职', '15k-25k', '不限']
['北京', '北京码博科技有限公司', '15-50人', '本科', 'Python', '全职', '10k-15k', '1-3年']
['上海', '杭州硕梦信息技术有限公司', '50-150人', '本科', 'Python开发工程师', '全职', '12k-20k', '1-3年']
['深圳', '深圳市衍盛资产管理有限公司', '15-50人', '本科', 'Python高级工程师', '全职', '15k-20k', '1-3年']
['广州', '广州建杉科技有限公司', '少于15人', '不限', 'python开发工程师', '全职', '5k-7k', '1-3年']
['上海', '上海估家网络科技有限公司', '50-150人', '本科', 'python', '全职', '8k-16k', '3-5年']
['绵阳', '北京荣泰创想科技有限公司', '50-150人', '本科', '软件开发工程师-python', '全职', '7k-9k', '不限']
['北京', '北京趣活科技有限公司', '2000人以上', '本科', 'Python开发工程师', '全职', '15k-20k', '3-5年']
['北京', '北京楠不是数科技有限公司', '少于15人', '本科', 'python开发工程师', '全职', '10k-20k', '1-3年']
['大连', '大连允执科技有限公司', '15-50人', '不限', 'python实习生', '实习', '1k-2k', '不限']
['合肥', '安徽融沃科技有限公司', '15-50人', '本科', 'python开发工程师', '全职', '6k-10k', '1-3年']
['南京', '南京聪明狗网络技术有限公司', '15-50人', '本科', 'Python工程师（数据挖掘方向，可实习）', '全职', '8k-16k', '应届毕业生']
['上海', '天思（上海）国际贸易有限公司', '50-150人', '本科', 'Python后端高级工程师', '全职', '25k-40k', '3-5年']
['深圳', '广州影子科技有限公司', '150-500人', '本科', 'python开发工程师', '全职', '25k-32k', '3-5年']
['长沙', '湖南知了课堂教育科技有限公司', '15-50人', '本科', 'python', '全职', '8k-15k', '1-3年']
['嘉兴', '嘉兴晨计教育科技有限公司', '少于15人', '大专', 'python', '全职', '5k-9k', '不限']
['青岛', '青岛卓森晟远商贸有限公司', '少于15人', '不限', 'python', '全职', '8k-10k', '不限']
['杭州', '上海易宝软件有限公司杭州分公司', '2000人以上', '本科', 'python开发', '全职', '10k-18k', '3-5年']
['广州', '广州迪奥信息科技有限公司', '15-50人', '本科', 'python', '全职', '7k-8k', '1-3年']
['苏州', '苏州世纪福智能装备股份有限公司', '150-500人', '大专', 'python开发', '全职', '8k-12k', '3-5年']
['深圳', '新茶物（深圳）文化创意有限公司', '少于15人', '本科', 'python开发', '全职', '12k-20k', '3-5年']
['北京', '北京华为数字技术有限公司', '2000人以上', '本科', 'python', '全职', '15k-30k', '3-5年']
['成都', '成都金飞凌科技有限公司', '15-50人', '大专', 'Python开发工程师', '全职', '8k-10k', '1-3年']
['成都', '成都星阵地科技有限公司', '15-50人', '不限', 'python', '全职', '12k-24k', '3-5年']
['北京', '杭州飞致云信息科技有限公司', '50-150人', '本科', 'python工程师', '全职', '20k-30k', '3-5年']
['深圳', '深圳宸睿科技有限公司', '15-50人', '本科', 'Python工程师', '全职', '9k-16k', '3-5年']
['北京', '泰康养老保险股份有限公司北京分公司', '2000人以上', '本科', 'python开发', '全职', '12k-17k', '3-5年']
['南京', '南京赛宁信息技术有限公司', '50-150人', '本科', 'Python开发工程师', '全职', '8k-16k', '1-3年']
['上海', '上海小赤信息科技有限公司', '少于15人', '本科', 'python开发', '全职', '8k-15k', '1-3年']
['太原', '山西百信信息技术有限公司', '500-2000人', '本科', 'python', '全职', '4k-7k', '3-5年']
['成都', '四川鸿景润科技有限公司', '150-500人', '大专', 'python开发工程师', '全职', '7k-10k', '3-5年']
['成都', '纬创软件（武汉）有限公司', '2000人以上', '大专', 'python开发工程师', '全职', '10k-12k', '1-3年']
['北京', '北京韬睿智能科技有限公司', '15-50人', '硕士', 'python开发', '全职', '18k-30k', '3-5年']
['深圳', '深圳市道通科技股份有限公司', '500-2000人', '本科', 'python', '全职', '15k-25k', '3-5年']
['北京', '北京生生科技有限公司', '150-500人', '不限', 'python', '全职', '13k-25k', '1-3年']
['济南', '市北区博洋灵邦企业营销策划工作室', '15-50人', '本科', 'python', '全职', '8k-15k', '3-5年']
['南京', '北京华扬创想广告有限公司', '500-2000人', '本科', 'python开发工程师', '全职', '16k-23k', '3-5年']
['北京', '广州市动景计算机科技有限公司', '2000人以上', '本科', 'python', '全职', '25k-50k', '3-5年']
['北京', '北京创新乐知网络技术有限公司', '150-500人', '本科', 'Python高级讲师', '全职', '25k-50k', '5-10年']
['北京', '北京迅达云成科技有限公司', '50-150人', '本科', 'python研发工程师', '全职', '10k-20k', '3-5年']
['广州', '广州头文科技有限公司', '50-150人', '本科', 'python爬虫', '全职', '7k-12k', '1-3年']
['天津', '天津市百思威科技有限公司', '少于15人', '大专', 'Scratch /Python 编程实习讲师', '全职', '4k-6k', '不限']
['北京', '北京十牛科技有限公司', '15-50人', '本科', '技术总监（python数据中台）', '全职', '20k-40k', '5-10年']
['成都', '成都壹未商贸有限公司', '15-50人', '大专', '资深Python/Go工程师', '全职', '30k-50k', '5-10年']
['杭州', '财通证券股份有限公司', '2000人以上', '本科', '开发工程师（C++、C#、python方向）', '全职', '10k-20k', '3-5年']
['广州', '广州市轩景物业管理有限公司', '2000人以上', '本科', 'Python高级技术经理', '全职', '15k-25k', '3-5年']
['深圳', '上海海知智能科技有限公司', '50-150人', '本科', 'Python大数据工程师', '全职', '18k-30k', '3-5年']
['上海', '上海海知智能科技有限公司', '50-150人', '本科', 'Python数据处理工程师', '全职', '20k-40k', '3-5年']
['北京', '北京聚数智途科技有限公司', '15-50人', '本科', 'python数据工程师', '全职', '20k-30k', '3-5年']
['重庆', '德勤企业咨询（上海）有限公司', '2000人以上', '本科', 'Python全栈开发工程师', '全职', '8k-16k', '3-5年']
['广州', '广东人民出版社有限公司', '150-500人', '本科', '初级讲师（Python方向）', '全职', '7k-10k', '1-3年']
['广州', '广东人民出版社有限公司', '150-500人', '本科', '高级讲师（Python方向）', '全职', '12k-15k', '3-5年']
['上海', '上海诺亚金融服务有限公司', '2000人以上', '本科', '高级安全开发（Python）G00985', '全职', '20k-25k', '3-5年']
['济南', '山东融科数据服务有限公司', '50-150人', '大专', 'python后端', '全职', '4k-8k', '不限']
['济南', '山东融科数据服务有限公司', '50-150人', '大专', 'python实习后端', '实习', '2k-4k', '应届毕业生']
['成都', '成都游熊科技有限公司', '15-50人', '本科', 'Python后端开发', '全职', '5k-7k', '1-3年']
['成都', '成都微银合创科技有限公司', '15-50人', '不限', '中级/高级Python开发工程师', '全职', '8k-15k', '3-5年']
['北京', '北京乐学飞扬科技有限公司', '15-50人', '大专', 'Python资深开发工程师', '全职', '20k-30k', '3-5年']
['上海', '明码 (上海) 生物科技有限公司', '50-150人', '本科', 'python后端', '全职', '15k-30k', '3-5年']
['北京', '北京大眼星图文化传媒有限公司', '150-500人', '大专', 'python爬虫leader', '全职', '25k-50k', '5-10年']
['青岛', '青岛七十二度信息技术有限公司', '15-50人', '本科', 'Python数据挖掘工程师', '全职', '4k-8k', '不限']
['北京', '混沌时代（北京）教育科技有限公司', '150-500人', '本科', '高级python开发工程师', '全职', '20k-40k', '3-5年']
['成都', '成都泰游趣科技有限公司', '少于15人', '大专', 'Python爬虫工程师', '全职', '5k-7k', '1-3年']
['西安', '西安智园软件开发管理有限公司', '50-150人', '不限', 'Python高级工程师', '全职', '13k-26k', '5-10年']
['杭州', '杭州光映灵动科技有限公司', '少于15人', '不限', 'Java/Python/C++开发工程师', '全职', '6k-12k', '应届毕业生']
['北京', '北京一人一亩田网络科技有限公司', '500-2000人', '本科', 'python后端研发工程师', '全职', '25k-30k', '3-5年']
['广州', '广州微宽信息技术有限公司', '15-50人', '本科', 'Python开发工程师（兼职）', '兼职', '2k-3k', '应届毕业生']
['上海', '上海趋佳信息科技有限公司', '50-150人', '本科', 'Python研发工程师', '全职', '15k-25k', '3-5年']
['青岛', '北京值得买科技股份有限公司', '500-2000人', '不限', '中级Python开发工程师', '全职', '8k-15k', '3-5年']
['北京', '北京奥鹏远程教育中心有限公司', '50-150人', '大专', 'python讲师', '全职', '15k-30k', '3-5年']
['上海', '上海川茂资产管理有限公司', '500-2000人', '大专', 'Python开发测试工程师', '全职', '8k-15k', '3-5年']
['北京', '北京中研硕福科技有限公司', '少于15人', '本科', '后端工程师（python）', '全职', '10k-14k', '1-3年']
['北京', '北京摩尔宝宝信息技术有限公司', '15-50人', '本科', 'python实习生', '实习', '2k-4k', '应届毕业生']
['北京', '北京航天驭星科技有限公司', '15-50人', '本科', 'Python软件工程师', '全职', '10k-20k', '3-5年']
['苏州', '上海众言网络科技有限公司', '150-500人', '本科', '资深python开发工程师', '全职', '15k-30k', '5-10年']
['西安', '西安华为技术有限公司', '2000人以上', '本科', '德科云计算研发工程师-python', '全职', '10k-20k', '不限']
['上海', '上海贞历网络科技有限公司', '少于15人', '本科', 'Python 工程师', '实习', '3k-6k', '应届毕业生']
['上海', '上海贞历网络科技有限公司', '少于15人', '本科', 'python后端', '全职', '15k-30k', '3-5年']
['北京', '北京京东世纪贸易有限公司', '2000人以上', '本科', 'Python高级开发', '全职', '20k-40k', '5-10年']
['西安', '西安华为技术有限公司', '2000人以上', '本科', 'python 后端开发工程师', '全职', '15k-30k', '不限']
['北京', '北京厨芯科技有限公司', '150-500人', '本科', 'Python开发工程师 (MJ000092)', '全职', '14k-28k', '不限']
['上海', '恒羿网络科技（上海）有限公司', '15-50人', '本科', 'Python后端开发工程师', '全职', '20k-25k', '1-3年']
['上海', '恒羿网络科技（上海）有限公司', '15-50人', '本科', '资深Python后端开发工程师', '全职', '20k-35k', '1-3年']
['北京', '北京旷视科技有限公司', '500-2000人', '本科', 'golang/Python开发工程师', '全职', '20k-40k', '3-5年']
['杭州', '杭州嘉云数据科技有限公司', '500-2000人', '不限', 'Python开发工程师 (MJ000400)', '全职', '20k-35k', '3-5年']
['北京', '北京摩尔宝宝信息技术有限公司', '15-50人', '本科', '高级python开发工程师', '全职', '25k-35k', '3-5年']
['长沙', '湖南云之翼软件有限公司', '50-150人', '大专', 'Python高级开发工程师', '全职', '10k-20k', '3-5年']
['天津', '厦门唐普信息技术有限公司', '50-150人', '大专', 'python（短期四个月Odoo开发）', '全职', '8k-11k', '1-3年']
['广州', '网易（杭州）网络有限公司', '2000人以上', '本科', 'BI后台开发工程师 (python)', '全职', '15k-25k', '1-3年']
['北京', '非凡维格（北京）信息科技有限公司', '15-50人', '本科', '高级python开发工程师', '全职', '15k-30k', '3-5年']
['杭州', '杭州派迩信息技术有限公司', '50-150人', '本科', '数据采集工程师（python）', '全职', '9k-17k', '1-3年']
['深圳', '深圳市创客工场科技有限公司', '500-2000人', '本科', '课程设计师-python', '全职', '10k-15k', '1-3年']
['北京', '上海星暖文化传媒有限公司', '15-50人', '本科', 'c++/java/Python/go', '全职', '30k-60k', '5-10年']
['郑州', '河南恒品科技有限公司', '50-150人', '本科', '风控系统开发工程师（python）', '全职', '10K-20K', '3-5年']
['郑州', '河南恒品科技有限公司', '50-150人', '本科', '大数据开发工程师（python）', '全职', '10K-20K', '3-5年']
['青岛', '青岛思普润水处理股份有限公司', '150-500人', '本科', '高级python工程师', '全职', '15k-25k', '3-5年']
['福州', '福州微猪信息科技有限公司', '少于15人', '大专', 'Python后端工程师', '全职', '9k-12k', '3-5年']
['西安', '杭州沃趣科技股份有限公司', '50-150人', '本科', 'Python高级开发工程师', '全职', '10k-20k', '1-3年']
['天津', '华鼎鸿基石油工程技术（北京）有限公司', '50-150人', '不限', 'Python/Django 工程师', '全职', '8k-15k', '3-5年']
['福州', '北京新大陆时代教育科技有限公司', '2000人以上', '本科', 'python开发工程师（机器学习方向）', '全职', '10k-20k', '3-5年']
['苏州', '深圳市和沃翼起科技有限公司', '15-50人', '本科', 'Python开发工程师(苏州)', '全职', '6k-12k', '不限']
['上海', '上海领旗信息科技有限公司', '15-50人', '大专', 'python后端', '全职', '9k-18k', '1-3年']
['北京', '北京一人一亩田网络科技有限公司', '500-2000人', '本科', 'python后端', '全职', '15k-30k', '3-5年']
['郑州', '郑州嘉琰教育科技有限公司', '15-50人', '本科', 'Python 讲师', '全职', '6k-10k', '3-5年']
['珠海', '珠海市明易科技有限公司', '少于15人', '大专', 'python程序员', '全职', '8k-12k', '3-5年']
['成都', '成都云集智汇科技有限公司', '15-50人', '本科', 'python后端', '全职', '6k-9k', '1-3年']
['北京', '北京掌控世代科技有限公司', '15-50人', '本科', 'python实习', '实习', '4k-5k', '应届毕业生']
['北京', '北京高山青英创业投资有限公司', '150-500人', '本科', 'Python后端工程师', '全职', '12k-20k', '3-5年']
['徐州', '伯图电子商务股份有限公司', '50-150人', '大专', '高级python开始工程师', '全职', '10k-20k', '1-3年']
['成都', '成都英潭信息技术服务有限公司', '少于15人', '本科', 'Python 高级软件开发工程师', '全职', '15k-23k', '3-5年']
['成都', '深圳市意科特实业有限公司', '150-500人', '本科', 'Python机器学习、深度学习、强化学习聊天机器人', '全职', '10k-20k', '1-3年']
['西安', '西安华为技术有限公司', '2000人以上', '本科', 'Java,javascript,python开发工程师', '全职', '10k-20k', '不限']
['北京', '北京晓数聚传媒科技有限公司', '15-50人', '本科', 'Python算法实习生', '全职', '3k-6k', '应届毕业生']
['北京', '北京全鲜商贸有限公司', '15-50人', '不限', 'Python 开发工程师', '全职', '18k-20k', '3-5年']
['北京', '乐飞天下信息技术(北京)有限公司', '150-500人', '本科', 'python研发实习生', '实习', '2k-4k', '应届毕业生']
['北京', '北京赢家积财科技有限公司', '15-50人', '本科', 'python高端开发工程师', '全职', '18k-25k', '3-5年']
['北京', '北京阿法兔科技有限公司', '15-50人', '本科', '运维开发工程师（python）', '全职', '8k-15k', '1-3年']
['宁波', '成都欧督系统科技有限公司', '50-150人', '本科', 'python后端', '全职', '6k-12k', '1-3年']
['北京', '北京丽盛创盈科技有限公司', '少于15人', '本科', 'python实习', '全职', '3k-4k', '不限']
['香港特别行政区', '北京蛮好文化传播有限公司', '少于15人', '本科', 'Python开发工程师-交易系统', '全职', '30k-60k', '3-5年']
['杭州', '抖数科技（杭州）有限公司', '15-50人', '大专', 'Python后端开发实习生', '实习', '3k-5k', '应届毕业生']
['北京', '北京赛科世纪科技股份有限公司', '50-150人', '大专', 'Java/Python工程师', '全职', '5k-10k', '1-3年']
['深圳', '深圳市魔方智能信息有限公司', '50-150人', '大专', 'Python后台开发工程师', '全职', '15k-30k', '3-5年']
['上海', '上海鸣石投资管理有限公司', '50-150人', '本科', '高级 Python 工程师', '全职', '20k-30k', '3-5年']
['北京', '北京行数通科技有限公司', '15-50人', '本科', 'Python后端工程师', '全职', '15k-30k', '3-5年']
['深圳', '深圳市品喆科技有限公司', '15-50人', '本科', 'python后端', '全职', '10k-20k', '不限']
['深圳', '马衡达信息技术（上海）有限公司', '2000人以上', '大专', 'python后端', '全职', '10k-17k', '3-5年']
['深圳', '深圳市网融资产管理有限公司', '15-50人', '本科', 'Java/Python/C++其中', '全职', '10k-20k', '3-5年']
['上海', '上海诺亚金融服务有限公司', '2000人以上', '本科', '大数据开发工程师（Python）', '全职', '15k-20k', '1-3年']
['北京', '优选创新（北京）科技有限公司', '15-50人', '大专', 'python讲师', '全职', '10k-20k', '1-3年']
['广州', '广州毅立特进出口贸易有限公司', '少于15人', '不限', 'python爬虫', '兼职', '8k-13k', '不限']
['杭州', '杭州追游科技有限公司', '少于15人', '本科', 'Python开发工程师（数据分析、算法方向）', '全职', '8k-16k', '不限']
['杭州', '上海易宝软件有限公司杭州分公司', '2000人以上', '本科', '中级Python开发工程师', '全职', '11k-20k', '1-3年']
['成都', '成都海谱科技有限公司', '50-150人', '本科', 'python应用开发工程师', '全职', '8k-15k', '3-5年']
['北京', '预远科技（上海）有限公司', '50-150人', '本科', '高级Python开发工程师', '全职', '12k-24k', '1-3年']
['上海', '上海谨拍电子商务有限公司', '2000人以上', '本科', 'Python后端工程师', '全职', '15k-25k', '3-5年']
['成都', '成都桃李天下科技有限公司', '15-50人', '大专', '少儿编程Python实习教师', '兼职', '4k-8k', '应届毕业生']
['上海', '大查柜（上海）网络科技有限公司', '150-500人', '大专', 'python爬虫', '全职', '8k-10k', '1-3年']
['北京', '北京博乐科技有限公司', '150-500人', '本科', 'python开发工程师(校招+社招）', '全职', '12k-20k', '应届毕业生']
['杭州', '尔孚信息技术（上海）有限公司', '50-150人', '本科', '资深Python爬虫开发工程师', '全职', '15k-25k', '3-5年']
['北京', '北京欧非科技有限公司', '500-2000人', '本科', '产品实习生(sql、python，懂java)', '实习', '4k-6k', '应届毕业生']
['长沙', '长沙紫檀数据科技有限公司', '15-50人', '本科', 'Java Python软件工程师', '全职', '6k-12k', '不限']
['深圳', '上海沫晋科技发展有限公司', '150-500人', '本科', '高级后端python', '全职', '20k-35k', '5-10年']
['北京', '北京击壤科技有限公司', '50-150人', '大专', 'python爬虫高级工程师', '全职', '20k-25k', '3-5年']
['北京', '北京击壤科技有限公司', '50-150人', '不限', 'python爬虫工程师', '全职', '15k-25k', '3-5年']
['长沙', '湖南智圭谷信息技术咨询服务有限公司', '15-50人', '大专', 'Python实习', '全职', '3k-5k', '不限']
['广州', '广州凌晨网络科技有限公司', '15-50人', '本科', '研发工程师（java/python）', '全职', '10k-20k', '1-3年']
['杭州', '杭州安航网络科技有限公司', '15-50人', '本科', 'Python 研发工程师（舆情监控）', '全职', '10k-15k', '1-3年']
['北京', '进化时代科技（北京）有限责任公司', '少于15人', '不限', 'Python运维实习生', '全职', '4k-8k', '应届毕业生']
['苏州', '苏州珂晶达电子有限公司', '15-50人', '本科', 'C++/python GUI 软件工程师', '全职', '10k-15k', '1-3年']
['上海', '励德爱思唯尔信息技术（北京）有限公司', '500-2000人', '本科', 'Senior Python Engineer', '全职', '20k-30k', '5-10年']
['长沙', '湖南声震洲区块链科技有限公司', '15-50人', '大专', 'python开发工程师（可兼职）', '全职', '6k-12k', '3-5年']
['长沙', '航天联盟（北京）国际航空服务有限公司', '50-150人', '不限', 'python爬虫', '全职', '10k-20k', '3-5年']
['北京', '北京闪灵未来科技有限公司', '15-50人', '本科', '资深python系统开发工作师', '全职', '20k-28k', '3-5年']
['长沙', '湖南智圭谷信息技术咨询服务有限公司', '15-50人', '大专', 'python实习', '全职', '3k-4k', '不限']
['北京', '北京元智合一科技有限公司', '15-50人', '本科', 'python后端', '全职', '18k-25k', '3-5年']
['武汉', '武汉未闻花名科技有限公司', '少于15人', '不限', 'Python后端研发工程师', '全职', '8k-12k', '1-3年']
['长春', '长春童程童美科技有限公司', '2000人以上', '大专', 'java/python/c++/js讲师', '全职', '5k-8k', '不限']
['福州', '福建万朝实业有限公司', '少于15人', '不限', 'Python量化工程师', '全职', '8k-13k', '不限']
['沈阳', '沈阳市贝茨科技有限公司', '少于15人', '本科', 'JAVA/Python讲师', '全职', '8k-14k', '3-5年']
['上海', '米思米（中国）精密机械贸易有限公司', '500-2000人', '本科', '数据挖掘工程师（python）', '全职', '10k-20k', '1-3年']
['深圳', '广州回头车信息科技有限公司', '150-500人', '本科', 'python', '全职', '15k-30k', '3-5年']
['深圳', '广州回头车信息科技有限公司', '150-500人', '本科', 'python开发', '全职', '10k-20k', '1-3年']
['深圳', '易宝软件科技（南京）有限公司', '150-500人', '本科', 'python开发工程师', '全职', '12k-20k', '3-5年']
['深圳', '腾讯科技（深圳）有限公司', '2000人以上', '本科', '监控系统开发工程师-Python&amp;Go', '全职', '16k-30k', '3-5年']
['深圳', '北京视野金融信息服务有限公司', '50-150人', '本科', 'Python开发工程师---0401', '全职', '15k-25k', '3-5年']
['上海', '上海雪湖科技有限公司', '50-150人', '本科', 'Python资深开发工程师', '全职', '20k-40k', '3-5年']
['上海', '上海雪湖科技有限公司', '50-150人', '不限', 'Python资深开发工程师', '全职', '20k-40k', '3-5年']
['上海', '上海雪湖科技有限公司', '50-150人', '本科', 'python高级开发工程师', '全职', '15k-30k', '1-3年']
['深圳', '深圳市前海房极客网络科技有限公司', '150-500人', '本科', '研发工程师--Python开发方向（应届生）', '全职', '7k-9k', '应届毕业生']
['上海', '上海雪湖科技有限公司', '50-150人', '本科', 'Python实习生', '实习', '4k-6k', '应届毕业生']
['上海', '上海雪湖科技有限公司', '50-150人', '本科', 'Python实习生', '实习', '4k-6k', '应届毕业生']
['广州', '广州回头车信息科技有限公司', '150-500人', '本科', '中高级python开发工程师', '全职', '15k-30k', '3-5年']
['广州', '广州回头车信息科技有限公司', '150-500人', '本科', '中高级python开发工程师', '全职', '15k-30k', '3-5年']
['广州', '深圳点猫科技有限公司', '2000人以上', '本科', '猫老祖（图形化&amp;Python）', '全职', '8k-15k', '1-3年']
['广州', '深圳点猫科技有限公司', '2000人以上', '本科', '编程猫少儿编程教师（Python方向）', '全职', '8k-12k', '1-3年']
['北京', '达内时代科技集团有限公司', '2000人以上', '本科', '少儿编程讲师（python）', '全职', '10k-15k', '不限']
['北京', '达内时代科技集团有限公司', '2000人以上', '本科', '少儿编程老师-python.java.c++', '全职', '7k-12k', '不限']
['北京', '达内时代科技集团有限公司', '2000人以上', '本科', '少儿编程老师-Python方向（MJ61）', '全职', '10k-15k', '不限']
['北京', '达内时代科技集团有限公司', '2000人以上', '本科', '少儿编程讲师（python\\java\\c++）', '全职', '10k-15k', '不限']
['北京', '达内时代科技集团有限公司', '2000人以上', '本科', '少儿编程老师-C++.PYTHON.JAVA', '全职', '10k-15k', '1-3年']
['北京', '达内时代科技集团有限公司', '2000人以上', '本科', '少儿编程讲师/Python/Web/Java', '全职', '8k-13k', '不限']
['北京', '达内时代科技集团有限公司', '2000人以上', '本科', '少儿编程讲师（web/python/java）', '全职', '8k-13k', '不限']
['北京', '达内时代科技集团有限公司', '2000人以上', '本科', '少儿编程讲师-Python/Web/Java', '全职', '8k-13k', '不限']
['北京', '上海茗日智能科技有限公司', '15-50人', '本科', 'PYTHON开发工程师BJ', '全职', '12k-23k', '1-3年']
['广州', '南京厚建云计算有限公司广州分公司', '50-150人', '本科', 'Python研发工程师', '全职', '9k-18k', '1-3年']
['北京', '北京陌陌科技有限公司', '500-2000人', '本科', '【暑期实习生】Python开发实习生', '实习', '4k-6k', '应届毕业生']
['南京', '南京贝湾信息科技有限公司', '150-500人', '不限', 'Python答疑老师', '实习', '4k-6k', '应届毕业生']
['武汉', '智线云科技（北京）有限公司', '50-150人', '本科', '中高级python开发工程师', '全职', '12k-20k', '3-5年']
['武汉', '智线云科技（北京）有限公司', '50-150人', '本科', 'python爬虫工程师', '全职', '8k-13k', '1-3年']
['北京', '智线云科技（北京）有限公司', '50-150人', '本科', '高级Python开发工程师/爬虫/spider', '全职', '15k-25k', '3-5年']
['武汉', '智线云科技（北京）有限公司', '50-150人', '本科', '软件工程师（Java/php/python)', '全职', '8k-15k', '1-3年']
['北京', '智线云科技（北京）有限公司', '50-150人', '本科', '软件工程师（Python/PHP/Java）', '全职', '11k-20k', '1-3年']
['杭州', '易宝软件科技（南京）有限公司', '150-500人', '本科', 'Python自动化测试', '全职', '10k-18k', '1-3年']
['成都', '腾讯科技（深圳）有限公司', '2000人以上', '本科', 'Python高级开发工程师', '全职', '25k-50k', '3-5年']
['北京', '北京墨云科技有限公司', '50-150人', '不限', 'Python 高级开发工程师', '全职', '25k-50k', '5-10年']
['上海', '上海骞云信息科技有限公司', '50-150人', '本科', '高级Python开发工程师', '全职', '18k-35k', '3-5年']
['深圳', '富途网络科技（深圳）有限公司', '500-2000人', '不限', '资讯与社区-Python后台开发工程师', '全职', '15k-30k', '1-3年']
['深圳', '深圳市一面网络技术有限公司', '50-150人', '本科', 'Python爬虫工程师', '全职', '10k-18k', '不限']
['长沙', '长沙蜜獾信息科技有限公司', '150-500人', '本科', 'Python中级（SG0302）', '全职', '8k-13k', '1-3年']
['深圳', '翼果（深圳）科技有限公司', '50-150人', '本科', 'Python后台工程师', '全职', '10k-20k', '1-3年']
['上海', '上海大岂网络科技有限公司', '150-500人', '本科', '高级Python工程师', '全职', '22k-30k', '5-10年']
['上海', '上海加美文化传媒有限公司', '15-50人', '本科', 'Python Web后端开发', '全职', '15k-30k', '1-3年']
['北京', '北京数美时代科技有限公司', '150-500人', '本科', 'python爬虫', '全职', '10k-20k', '应届毕业生']
['北京', '北京数美时代科技有限公司', '150-500人', '本科', 'python爬虫', '全职', '10k-20k', '应届毕业生']
['北京', '达内时代科技集团有限公司', '2000人以上', '本科', '少儿编程讲师（python\\java\\web）', '全职', '8k-13k', '应届毕业生']
['西安', '北京神州绿盟信息安全科技股份有限公司', '500-2000人', '本科', 'Python开发实习生（西安）(J10070)', '实习', '2k-4k', '应届毕业生']
['北京', '北京聚微合智信息技术有限公司', '50-150人', '本科', 'Java/python', '全职', '8k-16k', '应届毕业生']
['北京', '北京云杉智达科技有限公司', '15-50人', '本科', '技术总监（Python）', '全职', '20k-40k', '3-5年']
['北京', '北京云杉智达科技有限公司', '15-50人', '本科', '高级python研发工程师', '全职', '20k-35k', '3-5年']
['北京', '因诺（上海）资产管理有限公司', '15-50人', '硕士', 'python开发工程师（2020届校招）', '全职', '12k-24k', '应届毕业生']
['上海', '上海易路软件有限公司', '150-500人', '本科', 'Python高级开发工程师', '全职', '18k-28k', '3-5年']
['上海', '上海纳纳科技有限公司', '50-150人', '本科', '数据爬虫（Python）工程师', '全职', '12k-21k', '1-3年']
['上海', '上海纳纳科技有限公司', '50-150人', '本科', 'Python后端开发', '全职', '15k-25k', '3-5年']
['上海', '上海纳纳科技有限公司', '50-150人', '本科', 'Python爬虫', '全职', '15k-20k', '3-5年']
['上海', '上海纳纳科技有限公司', '50-150人', '大专', '资深Python爬虫', '全职', '15k-25k', '3-5年']
['上海', '上海纳纳科技有限公司', '50-150人', '本科', 'python爬虫专家', '全职', '25k-35k', '5-10年']
['北京', '北京石云科技有限公司', '50-150人', '本科', 'Java/Python', '全职', '8k-16k', '应届毕业生']
['北京', '北京石云科技有限公司', '50-150人', '本科', 'Python/ruby', '全职', '9k-18k', '应届毕业生']
['上海', '北京字节跳动科技有限公司', '2000人以上', '本科', '后端开发实习生（Java/Golang/Python）-短视频方向', '实习', '4k-8k', '不限']
['上海', '北京字节跳动科技有限公司', '2000人以上', '本科', '服务端开发实习生(java/python/golang)-短视频方向', '实习', '4k-8k', '不限']
['武汉', '第四范式（北京）技术有限公司', '500-2000人', '本科', 'python web 开发（实习生）', '兼职', '2k-4k', '应届毕业生']
['北京', '中国电信股份有限公司云计算分公司', '500-2000人', '本科', '高级后端开发工程师（Python）0419', '全职', '18k-35k', '5-10年']
['上海', '互道信息技术（上海）有限公司', '50-150人', '本科', '中级python开发', '全职', '15k-25k', '3-5年']
['上海', '互道信息技术（上海）有限公司', '50-150人', '本科', '中级Python开发工程师', '全职', '15k-25k', '3-5年']
['上海', '互道信息技术（上海）有限公司', '50-150人', '大专', '中级python开发', '全职', '15k-25k', '3-5年']
['广州', '拉勾猎头', '500-2000人', '本科', '分布式存储研发/运维工程师（python\\c++\\go)', '全职', '15k-30k', '1-3年']
['北京', '一点网聚科技有限公司', '500-2000人', '硕士', 'python工程师', '全职', '15k-25k', '应届毕业生']
['杭州', '易宝软件科技（南京）有限公司', '150-500人', '本科', 'python测试工程师', '全职', '12k-23k', '1-3年']
['上海', '恒羿网络科技（上海）有限公司', '15-50人', '本科', '资深 Python 工程师', '全职', '20k-25k', '3-5年']
['北京', '北京击壤科技有限公司', '50-150人', '本科', 'python爬虫', '全职', '20k-25k', '3-5年']
